series,rounds,window,n_years,n_round_targets,mean,within_sd,disagreement,total_sd,iqr,q95,threshold,probability_lower,probability_upper
US next year,Q1,2006–09,4,4,2.4127080865272936,1.1025277992961533,0.6354604465185215,1.278701563230598,1.4996790522889252,4.3050738608928505,3.0,0.3466809088269454,0.3466809088269454
US next year,Q1,2006–09,4,4,2.4127080865272936,1.1025277992961533,0.6354604465185215,1.278701563230598,1.4996790522889252,4.3050738608928505,4.0,0.07517870934959345,0.07517870934959345
US next year,Q1,2006–09,4,4,2.4127080865272936,1.1025277992961533,0.6354604465185215,1.278701563230598,1.4996790522889252,4.3050738608928505,5.0,0.013631787166085924,0.013631787166085924
US next year,Q1,2006–09,4,4,2.4127080865272936,1.1025277992961533,0.6354604465185215,1.278701563230598,1.4996790522889252,4.3050738608928505,10.0,0.0,0.003170078397212525
US next year,Q1,2010–14,5,5,2.7847830828155584,1.181396772619852,0.49721956298633996,1.2847596652603757,1.4736068166295104,4.821568606413043,3.0,0.4292249179368852,0.4292249179368852
US next year,Q1,2010–14,5,5,2.7847830828155584,1.181396772619852,0.49721956298633996,1.2847596652603757,1.4736068166295104,4.821568606413043,4.0,0.13477768931364817,0.13477768931364817
US next year,Q1,2010–14,5,5,2.7847830828155584,1.181396772619852,0.49721956298633996,1.2847596652603757,1.4736068166295104,4.821568606413043,5.0,0.03552734452030824,0.03552734452030824
US next year,Q1,2010–14,5,5,2.7847830828155584,1.181396772619852,0.49721956298633996,1.2847596652603757,1.4736068166295104,4.821568606413043,10.0,0.0,0.008288385023117262
US next year,Q1,2015–19,5,5,2.190651659723299,1.1856172755327516,0.47386985682175464,1.2778005607518619,1.452415690310389,4.097863248760499,3.0,0.22600982468529077,0.22600982468529077
US next year,Q1,2015–19,5,5,2.190651659723299,1.1856172755327516,0.47386985682175464,1.2778005607518619,1.452415690310389,4.097863248760499,4.0,0.05620856334949527,0.05620856334949527
US next year,Q1,2015–19,5,5,2.190651659723299,1.1856172755327516,0.47386985682175464,1.2778005607518619,1.452415690310389,4.097863248760499,5.0,0.01194791517667354,0.01194791517667354
US next year,Q1,2015–19,5,5,2.190651659723299,1.1856172755327516,0.47386985682175464,1.2778005607518619,1.452415690310389,4.097863248760499,10.0,0.0,0.0031507711746209797
US next year,Q1,2020–24,5,5,2.190108672619048,1.6543122705155997,0.7171803657283935,1.8035420504308948,1.8240262356536494,4.855394095325471,3.0,0.12173948260073256,0.350027565018315
US next year,Q1,2020–24,5,5,2.190108672619048,1.6543122705155997,0.7171803657283935,1.8035420504308948,1.8240262356536494,4.855394095325471,4.0,0.10682014926739922,0.10682014926739922
US next year,Q1,2020–24,5,5,2.190108672619048,1.6543122705155997,0.7171803657283935,1.8035420504308948,1.8240262356536494,4.855394095325471,5.0,0.013616650183150161,0.10353948260073256
US next year,Q1,2020–24,5,5,2.190108672619048,1.6543122705155997,0.7171803657283935,1.8035420504308948,1.8240262356536494,4.855394095325471,10.0,0.0009277032967032599,0.0011610366300365798
US next year,Q1,2025–26,2,2,1.8913846612903225,1.360307456535642,0.45917833392081053,1.4358581832397006,1.5366432491925457,3.9503361482427986,3.0,0.042179009216589805,0.276707465437788
US next year,Q1,2025–26,2,2,1.8913846612903225,1.360307456535642,0.45917833392081053,1.4358581832397006,1.5366432491925457,3.9503361482427986,4.0,0.042179009216589805,0.042179009216589805
US next year,Q1,2025–26,2,2,1.8913846612903225,1.360307456535642,0.45917833392081053,1.4358581832397006,1.5366432491925457,3.9503361482427986,5.0,0.00520352534562205,0.042179009216589805
US next year,Q1,2025–26,2,2,1.8913846612903225,1.360307456535642,0.45917833392081053,1.4358581832397006,1.5366432491925457,3.9503361482427986,10.0,0.0,0.00050115207373265
US next year,Q1,2010–19,10,10,2.4877173712694285,1.183507024076302,0.48554470990404724,1.2812801130061189,1.46301125346995,4.45971592758677,3.0,0.32761737131108803,0.32761737131108803
US next year,Q1,2010–19,10,10,2.4877173712694285,1.183507024076302,0.48554470990404724,1.2812801130061189,1.46301125346995,4.45971592758677,4.0,0.09549312633157171,0.09549312633157171
US next year,Q1,2010–19,10,10,2.4877173712694285,1.183507024076302,0.48554470990404724,1.2812801130061189,1.46301125346995,4.45971592758677,5.0,0.023737629848490892,0.023737629848490892
US next year,Q1,2010–19,10,10,2.4877173712694285,1.183507024076302,0.48554470990404724,1.2812801130061189,1.46301125346995,4.45971592758677,10.0,0.0,0.0057195780988691216
US next year,Q1,2023–26,4,4,1.7226307235023042,1.525985146063993,0.5791828449997815,1.6334417889269208,1.5973530567174197,3.9077408493113923,3.0,0.03909172988302015,0.24429686458702582
US next year,Q1,2023–26,4,4,1.7226307235023042,1.525985146063993,0.5791828449997815,1.6334417889269208,1.5973530567174197,3.9077408493113923,4.0,0.03909172988302015,0.03909172988302015
US next year,Q1,2023–26,4,4,1.7226307235023042,1.525985146063993,0.5791828449997815,1.6334417889269208,1.5973530567174197,3.9077408493113923,5.0,0.0043323670684154,0.03909172988302015
US next year,Q1,2023–26,4,4,1.7226307235023042,1.525985146063993,0.5791828449997815,1.6334417889269208,1.5973530567174197,3.9077408493113923,10.0,0.00033373626373622503,0.00058431230060255
US three years ahead,Q1,2010–14,5,5,2.792893658119658,1.2633396152242813,0.5631878968009275,1.384494902358313,1.5877238484299572,4.933431965635042,3.0,0.4500807866195108,0.4500807866195108
US three years ahead,Q1,2010–14,5,5,2.792893658119658,1.2633396152242813,0.5631878968009275,1.384494902358313,1.5877238484299572,4.933431965635042,4.0,0.14883937938893796,0.14883937938893796
US three years ahead,Q1,2010–14,5,5,2.792893658119658,1.2633396152242813,0.5631878968009275,1.384494902358313,1.5877238484299572,4.933431965635042,5.0,0.04215151521760482,0.04215151521760482
US three years ahead,Q1,2010–14,5,5,2.792893658119658,1.2633396152242813,0.5631878968009275,1.384494902358313,1.5877238484299572,4.933431965635042,10.0,0.0,0.010347586639159
US three years ahead,Q1,2015–19,5,5,2.0195389379206268,1.3247714956413303,0.4985025499996573,1.4181415337348589,1.6657182849421173,4.174210020179509,3.0,0.20813573809516578,0.20813573809516578
US three years ahead,Q1,2015–19,5,5,2.0195389379206268,1.3247714956413303,0.4985025499996573,1.4181415337348589,1.6657182849421173,4.174210020179509,4.0,0.05969909403010959,0.05969909403010959
US three years ahead,Q1,2015–19,5,5,2.0195389379206268,1.3247714956413303,0.4985025499996573,1.4181415337348589,1.6657182849421173,4.174210020179509,5.0,0.01693655988728792,0.01693655988728792
US three years ahead,Q1,2015–19,5,5,2.0195389379206268,1.3247714956413303,0.4985025499996573,1.4181415337348589,1.6657182849421173,4.174210020179509,10.0,0.0,0.00448047398275542
US three years ahead,Q1,2020–24,5,5,1.8581583801169592,1.69529090225492,0.5378462052556577,1.782998233955955,1.5988025750032526,4.463960626282886,3.0,0.07366784157363103,0.25908844763423705
US three years ahead,Q1,2020–24,5,5,1.8581583801169592,1.69529090225492,0.5378462052556577,1.782998233955955,1.5988025750032526,4.463960626282886,4.0,0.058072052099946814,0.058072052099946814
US three years ahead,Q1,2020–24,5,5,1.8581583801169592,1.69529090225492,0.5378462052556577,1.782998233955955,1.5988025750032526,4.463960626282886,5.0,0.006307472620946279,0.05353520999468366
US three years ahead,Q1,2020–24,5,5,1.8581583801169592,1.69529090225492,0.5378462052556577,1.782998233955955,1.5988025750032526,4.463960626282886,10.0,0.00026836363636362,0.0008031004784688799
US three years ahead,Q1,2025–26,2,2,1.9088982045454546,1.426007837784146,0.3656616998848858,1.4725060843030526,1.4633705968395212,4.013187444715958,3.0,0.04850727272727265,0.2720268181818182
US three years ahead,Q1,2025–26,2,2,1.9088982045454546,1.426007837784146,0.3656616998848858,1.4725060843030526,1.4633705968395212,4.013187444715958,4.0,0.04850727272727265,0.04850727272727265
US three years ahead,Q1,2025–26,2,2,1.9088982045454546,1.426007837784146,0.3656616998848858,1.4725060843030526,1.4633705968395212,4.013187444715958,5.0,0.00852999999999995,0.04850727272727265
US three years ahead,Q1,2025–26,2,2,1.9088982045454546,1.426007837784146,0.3656616998848858,1.4725060843030526,1.4633705968395212,4.013187444715958,10.0,0.0,0.00068181818181815
US three years ahead,Q1,2010–19,10,10,2.406216298020143,1.294055555432806,0.5308452234002924,1.401318218046586,1.6267210666860368,4.5538209929072755,3.0,0.32910826235733825,0.32910826235733825
US three years ahead,Q1,2010–19,10,10,2.406216298020143,1.294055555432806,0.5308452234002924,1.401318218046586,1.6267210666860368,4.5538209929072755,4.0,0.10426923670952377,0.10426923670952377
US three years ahead,Q1,2010–19,10,10,2.406216298020143,1.294055555432806,0.5308452234002924,1.401318218046586,1.6267210666860368,4.5538209929072755,5.0,0.02954403755244636,0.02954403755244636
US three years ahead,Q1,2010–19,10,10,2.406216298020143,1.294055555432806,0.5308452234002924,1.401318218046586,1.6267210666860368,4.5538209929072755,10.0,0.0,0.007414030310957211
US three years ahead,Q1,2023–26,4,4,1.870017625,1.5747764166730098,0.463465480737445,1.6462926659788755,1.4426288869164439,4.129210142574263,3.0,0.05127068181818178,0.26151454545454544
US three years ahead,Q1,2023–26,4,4,1.870017625,1.5747764166730098,0.463465480737445,1.6462926659788755,1.4426288869164439,4.129210142574263,4.0,0.05127068181818178,0.05127068181818178
US three years ahead,Q1,2023–26,4,4,1.870017625,1.5747764166730098,0.463465480737445,1.6462926659788755,1.4426288869164439,4.129210142574263,5.0,0.0066122727272727,0.05127068181818178
US three years ahead,Q1,2023–26,4,4,1.870017625,1.5747764166730098,0.463465480737445,1.6462926659788755,1.4426288869164439,4.129210142574263,10.0,0.000221818181818175,0.0005627272727272499
ECB longer term,Q1,2006–09,4,4,2.013971283096459,0.6544995975843947,0.24219263955966408,0.6983134616881596,0.797883939170814,3.13830169680906,3.0,0.0617234123449133,0.0617234123449133
ECB longer term,Q1,2006–09,4,4,2.013971283096459,0.6544995975843947,0.24219263955966408,0.6983134616881596,0.797883939170814,3.13830169680906,4.0,0.00481935221633065,0.00481935221633065
ECB longer term,Q1,2006–09,4,4,2.013971283096459,0.6544995975843947,0.24219263955966408,0.6983134616881596,0.797883939170814,3.13830169680906,5.0,0.0,0.00481935221633065
ECB longer term,Q1,2006–09,4,4,2.013971283096459,0.6544995975843947,0.24219263955966408,0.6983134616881596,0.797883939170814,3.13830169680906,10.0,0.0,0.00481935221633065
ECB longer term,Q1,2010–14,5,5,1.7801396390605624,0.7853284493130562,0.2861976047154239,0.8364894320154483,1.019833510739597,3.1593370027135794,3.0,0.06327854372645664,0.06327854372645664
ECB longer term,Q1,2010–14,5,5,1.7801396390605624,0.7853284493130562,0.2861976047154239,0.8364894320154483,1.019833510739597,3.1593370027135794,4.0,0.00490530059278432,0.00490530059278432
ECB longer term,Q1,2010–14,5,5,1.7801396390605624,0.7853284493130562,0.2861976047154239,0.8364894320154483,1.019833510739597,3.1593370027135794,5.0,0.0,0.00490530059278432
ECB longer term,Q1,2010–14,5,5,1.7801396390605624,0.7853284493130562,0.2861976047154239,0.8364894320154483,1.019833510739597,3.1593370027135794,10.0,0.0,0.00490530059278432
ECB longer term,Q1,2015–19,5,5,1.6350413753346225,0.7775576246492071,0.29809873577641344,0.8335152500388852,0.9748988820608803,2.9798115734223516,3.0,0.04705230548397294,0.04705230548397294
ECB longer term,Q1,2015–19,5,5,1.6350413753346225,0.7775576246492071,0.29809873577641344,0.8335152500388852,0.9748988820608803,2.9798115734223516,4.0,0.00426319330988158,0.00426319330988158
ECB longer term,Q1,2015–19,5,5,1.6350413753346225,0.7775576246492071,0.29809873577641344,0.8335152500388852,0.9748988820608803,2.9798115734223516,5.0,0.0,0.00426319330988158
ECB longer term,Q1,2015–19,5,5,1.6350413753346225,0.7775576246492071,0.29809873577641344,0.8335152500388852,0.9748988820608803,2.9798115734223516,10.0,0.0,0.00426319330988158
ECB longer term,Q1,2020–24,5,5,1.4921208069166358,0.8956669533695836,0.3015469752162814,0.9460090383581109,1.0024221258507136,3.018596598409057,3.0,0.04867269593787682,0.04867269593787682
ECB longer term,Q1,2020–24,5,5,1.4921208069166358,0.8956669533695836,0.3015469752162814,0.9460090383581109,1.0024221258507136,3.018596598409057,4.0,0.01120251183745408,0.01120251183745408
ECB longer term,Q1,2020–24,5,5,1.4921208069166358,0.8956669533695836,0.3015469752162814,0.9460090383581109,1.0024221258507136,3.018596598409057,5.0,0.00140540501554102,0.01120251183745408
ECB longer term,Q1,2020–24,5,5,1.4921208069166358,0.8956669533695836,0.3015469752162814,0.9460090383581109,1.0024221258507136,3.018596598409057,10.0,0.00021102845453502,0.006461767668996379
ECB longer term,Q1,2025–26,2,2,1.3463463779772404,0.8711321418429658,0.23044763453010145,0.9016848414066158,0.9493754700780733,2.8662621704440197,3.0,0.03963463405276005,0.03963463405276005
ECB longer term,Q1,2025–26,2,2,1.3463463779772404,0.8711321418429658,0.23044763453010145,0.9016848414066158,0.9493754700780733,2.8662621704440197,4.0,0.01063725360670735,0.01063725360670735
ECB longer term,Q1,2025–26,2,2,1.3463463779772404,0.8711321418429658,0.23044763453010145,0.9016848414066158,0.9493754700780733,2.8662621704440197,5.0,0.0,0.01063725360670735
ECB longer term,Q1,2025–26,2,2,1.3463463779772404,0.8711321418429658,0.23044763453010145,0.9016848414066158,0.9493754700780733,2.8662621704440197,10.0,0.0,0.01063725360670735
ECB longer term,Q1,2010–19,10,10,1.7075905071975925,0.7814430369811316,0.29214817024591866,0.8350023410271668,0.9973661964002387,3.0695742880679657,3.0,0.0551654246052148,0.0551654246052148
ECB longer term,Q1,2010–19,10,10,1.7075905071975925,0.7814430369811316,0.29214817024591866,0.8350023410271668,0.9973661964002387,3.0695742880679657,4.0,0.00458424695133295,0.00458424695133295
ECB longer term,Q1,2010–19,10,10,1.7075905071975925,0.7814430369811316,0.29214817024591866,0.8350023410271668,0.9973661964002387,3.0695742880679657,5.0,0.0,0.00458424695133295
ECB longer term,Q1,2010–19,10,10,1.7075905071975925,0.7814430369811316,0.29214817024591866,0.8350023410271668,0.9973661964002387,3.0695742880679657,10.0,0.0,0.00458424695133295
ECB longer term,Q1,2023–26,4,4,1.4106546824894468,0.8820912955043373,0.26823285954145726,0.9236605919234133,0.9851366289130853,2.9717611553144074,3.0,0.04705347943079938,0.04705347943079938
ECB longer term,Q1,2023–26,4,4,1.4106546824894468,0.8820912955043373,0.26823285954145726,0.9236605919234133,0.9851366289130853,2.9717611553144074,4.0,0.0119320363387804,0.0119320363387804
ECB longer term,Q1,2023–26,4,4,1.4106546824894468,0.8820912955043373,0.26823285954145726,0.9236605919234133,0.9851366289130853,2.9717611553144074,5.0,0.0,0.0119320363387804
ECB longer term,Q1,2023–26,4,4,1.4106546824894468,0.8820912955043373,0.26823285954145726,0.9236605919234133,0.9851366289130853,2.9717611553144074,10.0,0.0,0.0119320363387804
US next year,all (equal year weight),2006–09,4,16,2.16053655403,1.0802879119490085,0.6310339844410539,1.2637019286215045,1.4752970922013011,4.05835716875995,3.0,0.2679337082382523,0.2679337082382523
US next year,all (equal year weight),2006–09,4,16,2.16053655403,1.0802879119490085,0.6310339844410539,1.2637019286215045,1.4752970922013011,4.05835716875995,4.0,0.05674777843192748,0.05674777843192748
US next year,all (equal year weight),2006–09,4,16,2.16053655403,1.0802879119490085,0.6310339844410539,1.2637019286215045,1.4752970922013011,4.05835716875995,5.0,0.011688003635551268,0.011688003635551268
US next year,all (equal year weight),2006–09,4,16,2.16053655403,1.0802879119490085,0.6310339844410539,1.2637019286215045,1.4752970922013011,4.05835716875995,10.0,0.0,0.00298406927645725
US next year,all (equal year weight),2010–14,5,20,2.575451009853714,1.1405068727530252,0.4638423755268333,1.2332262474700386,1.402099507216502,4.512871297974106,3.0,0.34322043122821794,0.34322043122821794
US next year,all (equal year weight),2010–14,5,20,2.575451009853714,1.1405068727530252,0.4638423755268333,1.2332262474700386,1.402099507216502,4.512871297974106,4.0,0.09665386005314612,0.09665386005314612
US next year,all (equal year weight),2010–14,5,20,2.575451009853714,1.1405068727530252,0.4638423755268333,1.2332262474700386,1.402099507216502,4.512871297974106,5.0,0.023098757545518114,0.023098757545518114
US next year,all (equal year weight),2010–14,5,20,2.575451009853714,1.1405068727530252,0.4638423755268333,1.2332262474700386,1.402099507216502,4.512871297974106,10.0,0.0,0.005156064078886391
US next year,all (equal year weight),2015–19,5,20,2.179026738505753,1.1312037443541811,0.4516025658576092,1.2192595044024095,1.3593406287721996,4.004026604715313,3.0,0.20391012716526574,0.20391012716526574
US next year,all (equal year weight),2015–19,5,20,2.179026738505753,1.1312037443541811,0.4516025658576092,1.2192595044024095,1.3593406287721996,4.004026604715313,4.0,0.04750646861459567,0.04750646861459567
US next year,all (equal year weight),2015–19,5,20,2.179026738505753,1.1312037443541811,0.4516025658576092,1.2192595044024095,1.3593406287721996,4.004026604715313,5.0,0.00963287405246552,0.00963287405246552
US next year,all (equal year weight),2015–19,5,20,2.179026738505753,1.1312037443541811,0.4516025658576092,1.2192595044024095,1.3593406287721996,4.004026604715313,10.0,0.0,0.0021914149742957552
US next year,all (equal year weight),2020–24,5,20,2.278010848621623,1.7699220280133159,0.9473731919539186,2.01780429354424,2.1377121043487275,5.306763878678158,3.0,0.1571931001011919,0.389003137534965
US next year,all (equal year weight),2020–24,5,20,2.278010848621623,1.7699220280133159,0.9473731919539186,2.01780429354424,2.1377121043487275,5.306763878678158,4.0,0.15346326676785854,0.15346326676785854
US next year,all (equal year weight),2020–24,5,20,2.278010848621623,1.7699220280133159,0.9473731919539186,2.01780429354424,2.1377121043487275,5.306763878678158,5.0,0.025897469843776878,0.1526431001011919
US next year,all (equal year weight),2020–24,5,20,2.278010848621623,1.7699220280133159,0.9473731919539186,2.01780429354424,2.1377121043487275,5.306763878678158,10.0,0.00260973246879554,0.0027084504175134824
US next year,all (equal year weight),2025–26,2,7,1.7489079878977813,1.3356303924400565,0.4773917047553565,1.4197752863005944,1.5698355396549184,3.8702782725009888,3.0,0.03345585185124729,0.24402274470152646
US next year,all (equal year weight),2025–26,2,7,1.7489079878977813,1.3356303924400565,0.4773917047553565,1.4197752863005944,1.5698355396549184,3.8702782725009888,4.0,0.03345585185124729,0.03345585185124729
US next year,all (equal year weight),2025–26,2,7,1.7489079878977813,1.3356303924400565,0.4773917047553565,1.4197752863005944,1.5698355396549184,3.8702782725009888,5.0,0.0030750011623753163,0.03345585185124729
US next year,all (equal year weight),2025–26,2,7,1.7489079878977813,1.3356303924400565,0.4773917047553565,1.4197752863005944,1.5698355396549184,3.8702782725009888,10.0,0.0,0.0001402152671104088
US next year,all (equal year weight),2010–19,10,40,2.3772388741797332,1.135855308553603,0.4577224706922213,1.2262428759362243,1.3807200679943505,4.25844895134471,3.0,0.27356527919674184,0.27356527919674184
US next year,all (equal year weight),2010–19,10,40,2.3772388741797332,1.135855308553603,0.4577224706922213,1.2262428759362243,1.3807200679943505,4.25844895134471,4.0,0.0720801643338709,0.0720801643338709
US next year,all (equal year weight),2010–19,10,40,2.3772388741797332,1.135855308553603,0.4577224706922213,1.2262428759362243,1.3807200679943505,4.25844895134471,5.0,0.016365815798991816,0.016365815798991816
US next year,all (equal year weight),2010–19,10,40,2.3772388741797332,1.135855308553603,0.4577224706922213,1.2262428759362243,1.3807200679943505,4.25844895134471,10.0,0.0,0.003673739526591073
US next year,all (equal year weight),2023–26,4,15,1.6763197111879018,1.4246705106054698,0.5662397966566716,1.5351975294491809,1.6068222100917737,3.877664086289136,3.0,0.0356097588010815,0.23369412546431634
US next year,all (equal year weight),2023–26,4,15,1.6763197111879018,1.4246705106054698,0.5662397966566716,1.5351975294491809,1.6068222100917737,3.877664086289136,4.0,0.0356097588010815,0.0356097588010815
US next year,all (equal year weight),2023–26,4,15,1.6763197111879018,1.4246705106054698,0.5662397966566716,1.5351975294491809,1.6068222100917737,3.877664086289136,5.0,0.003171187119649177,0.0356097588010815
US next year,all (equal year weight),2023–26,4,15,1.6763197111879018,1.4246705106054698,0.5662397966566716,1.5351975294491809,1.6068222100917737,3.877664086289136,10.0,0.00011945073260071875,0.00024003913538668808
US three years ahead,all (equal year weight),2006–09,1,3,2.8445754985754994,1.2387725298464332,0.6755896685035768,1.4124842146872802,1.6479339099774517,4.980511844818846,3.0,0.474423433048433,0.474423433048433
US three years ahead,all (equal year weight),2006–09,1,3,2.8445754985754994,1.2387725298464332,0.6755896685035768,1.4124842146872802,1.6479339099774517,4.980511844818846,4.0,0.17097863247863246,0.17097863247863246
US three years ahead,all (equal year weight),2006–09,1,3,2.8445754985754994,1.2387725298464332,0.6755896685035768,1.4124842146872802,1.6479339099774517,4.980511844818846,5.0,0.04267450142450136,0.04267450142450136
US three years ahead,all (equal year weight),2006–09,1,3,2.8445754985754994,1.2387725298464332,0.6755896685035768,1.4124842146872802,1.6479339099774517,4.980511844818846,10.0,0.0,0.009591168091168034
US three years ahead,all (equal year weight),2010–14,5,20,2.743957178737196,1.279527026532558,0.5691808247063438,1.4038385879704633,1.6335243082420767,4.933796938120815,3.0,0.43016986079100716,0.43016986079100716
US three years ahead,all (equal year weight),2010–14,5,20,2.743957178737196,1.279527026532558,0.5691808247063438,1.4038385879704633,1.6335243082420767,4.933796938120815,4.0,0.14866017883997878,0.14866017883997878
US three years ahead,all (equal year weight),2010–14,5,20,2.743957178737196,1.279527026532558,0.5691808247063438,1.4038385879704633,1.6335243082420767,4.933796938120815,5.0,0.041731817090762305,0.041731817090762305
US three years ahead,all (equal year weight),2010–14,5,20,2.743957178737196,1.279527026532558,0.5691808247063438,1.4038385879704633,1.6335243082420767,4.933796938120815,10.0,0.0,0.009994816016826748
US three years ahead,all (equal year weight),2015–19,5,20,1.9819723226904902,1.3119732125382386,0.5138405383398477,1.4118896887884003,1.6517317864626897,4.1519205223459466,3.0,0.19435229635930015,0.19435229635930015
US three years ahead,all (equal year weight),2015–19,5,20,1.9819723226904902,1.3119732125382386,0.5138405383398477,1.4118896887884003,1.6517317864626897,4.1519205223459466,4.0,0.05655145230954837,0.05655145230954837
US three years ahead,all (equal year weight),2015–19,5,20,1.9819723226904902,1.3119732125382386,0.5138405383398477,1.4118896887884003,1.6517317864626897,4.1519205223459466,5.0,0.015646982596601567,0.015646982596601567
US three years ahead,all (equal year weight),2015–19,5,20,1.9819723226904902,1.3119732125382386,0.5138405383398477,1.4118896887884003,1.6517317864626897,4.1519205223459466,10.0,0.0,0.004335392285223855
US three years ahead,all (equal year weight),2020–24,5,20,2.0129651628271312,1.7551944229972716,0.6119399924505602,1.8653205975253937,1.6736189456678414,4.80747317948339,3.0,0.07559715051545197,0.32164833461932163
US three years ahead,all (equal year weight),2020–24,5,20,2.0129651628271312,1.7551944229972716,0.6119399924505602,1.8653205975253937,1.6736189456678414,4.80747317948339,4.0,0.07169820314703093,0.07169820314703093
US three years ahead,all (equal year weight),2020–24,5,20,2.0129651628271312,1.7551944229972716,0.6119399924505602,1.8653205975253937,1.6736189456678414,4.80747317948339,5.0,0.009884849476292815,0.07056399262071514
US three years ahead,all (equal year weight),2020–24,5,20,2.0129651628271312,1.7551944229972716,0.6119399924505602,1.8653205975253937,1.6736189456678414,4.80747317948339,10.0,0.0009030307587149561,0.0010843340168603163
US three years ahead,all (equal year weight),2025–26,2,7,1.8841531110886756,1.4074471567694695,0.35245453018667516,1.4511868887704056,1.5224323741907413,4.002046558013072,3.0,0.04650832636081845,0.27521069019392974
US three years ahead,all (equal year weight),2025–26,2,7,1.8841531110886756,1.4074471567694695,0.35245453018667516,1.4511868887704056,1.5224323741907413,4.002046558013072,4.0,0.04650832636081845,0.04650832636081845
US three years ahead,all (equal year weight),2025–26,2,7,1.8841531110886756,1.4074471567694695,0.35245453018667516,1.4511868887704056,1.5224323741907413,4.002046558013072,5.0,0.0058405601545635545,0.04650832636081845
US three years ahead,all (equal year weight),2025–26,2,7,1.8841531110886756,1.4074471567694695,0.35245453018667516,1.4511868887704056,1.5224323741907413,4.002046558013072,10.0,0.0,0.00019133193425534414
US three years ahead,all (equal year weight),2010–19,10,40,2.3629647507138434,1.2957501195353984,0.5415106815230957,1.407864138379432,1.642628047352383,4.54285873023338,3.0,0.3122610785751537,0.3122610785751537
US three years ahead,all (equal year weight),2010–19,10,40,2.3629647507138434,1.2957501195353984,0.5415106815230957,1.407864138379432,1.642628047352383,4.54285873023338,4.0,0.10260581557476359,0.10260581557476359
US three years ahead,all (equal year weight),2010–19,10,40,2.3629647507138434,1.2957501195353984,0.5415106815230957,1.407864138379432,1.642628047352383,4.54285873023338,5.0,0.028689399843681934,0.028689399843681934
US three years ahead,all (equal year weight),2010–19,10,40,2.3629647507138434,1.2957501195353984,0.5415106815230957,1.407864138379432,1.642628047352383,4.54285873023338,10.0,0.0,0.007165104151025304
US three years ahead,all (equal year weight),2023–26,4,15,1.8982388402547965,1.510848336450198,0.45113354938908523,1.5807688366125905,1.5707555521055612,4.1783604387988635,3.0,0.0525013222321063,0.2829878586780396
US three years ahead,all (equal year weight),2023–26,4,15,1.8982388402547965,1.510848336450198,0.45113354938908523,1.5807688366125905,1.5707555521055612,4.1783604387988635,4.0,0.0525013222321063,0.0525013222321063
US three years ahead,all (equal year weight),2023–26,4,15,1.8982388402547965,1.510848336450198,0.45113354938908523,1.5807688366125905,1.5707555521055612,4.1783604387988635,5.0,0.006278936595883934,0.0525013222321063
US three years ahead,all (equal year weight),2023–26,4,15,1.8982388402547965,1.510848336450198,0.45113354938908523,1.5807688366125905,1.5707555521055612,4.1783604387988635,10.0,6.200216450215774e-05,0.00021719194115363605
ECB longer term,all (equal year weight),2006–09,4,16,2.0247391588013586,0.661515222676132,0.26686786313003974,0.7150945341797237,0.8229559978335276,3.1912580212173944,3.0,0.06950446525191213,0.06950446525191213
ECB longer term,all (equal year weight),2006–09,4,16,2.0247391588013586,0.661515222676132,0.26686786313003974,0.7150945341797237,0.8229559978335276,3.1912580212173944,4.0,0.005400686236912863,0.005400686236912863
ECB longer term,all (equal year weight),2006–09,4,16,2.0247391588013586,0.661515222676132,0.26686786313003974,0.7150945341797237,0.8229559978335276,3.1912580212173944,5.0,0.0,0.005400686236912863
ECB longer term,all (equal year weight),2006–09,4,16,2.0247391588013586,0.661515222676132,0.26686786313003974,0.7150945341797237,0.8229559978335276,3.1912580212173944,10.0,0.0,0.005400686236912863
ECB longer term,all (equal year weight),2010–14,5,20,1.7747845644802716,0.7756577659317114,0.27561221641352696,0.8238134136078525,1.0081600382386193,3.147951972569982,3.0,0.06256862312722118,0.06256862312722118
ECB longer term,all (equal year weight),2010–14,5,20,1.7747845644802716,0.7756577659317114,0.27561221641352696,0.8238134136078525,1.0081600382386193,3.147951972569982,4.0,0.004832105330413139,0.004832105330413139
ECB longer term,all (equal year weight),2010–14,5,20,1.7747845644802716,0.7756577659317114,0.27561221641352696,0.8238134136078525,1.0081600382386193,3.147951972569982,5.0,0.0,0.004832105330413139
ECB longer term,all (equal year weight),2010–14,5,20,1.7747845644802716,0.7756577659317114,0.27561221641352696,0.8238134136078525,1.0081600382386193,3.147951972569982,10.0,0.0,0.004832105330413139
ECB longer term,all (equal year weight),2015–19,5,20,1.6117317638198638,0.7971452679330724,0.303608759061996,0.8540776584559447,0.9956799119263596,2.9979362198350166,3.0,0.04874239461805864,0.04874239461805864
ECB longer term,all (equal year weight),2015–19,5,20,1.6117317638198638,0.7971452679330724,0.303608759061996,0.8540776584559447,0.9956799119263596,2.9979362198350166,4.0,0.00482574664147815,0.00482574664147815
ECB longer term,all (equal year weight),2015–19,5,20,1.6117317638198638,0.7971452679330724,0.303608759061996,0.8540776584559447,0.9956799119263596,2.9979362198350166,5.0,0.0,0.00482574664147815
ECB longer term,all (equal year weight),2015–19,5,20,1.6117317638198638,0.7971452679330724,0.303608759061996,0.8540776584559447,0.9956799119263596,2.9979362198350166,10.0,0.0,0.00482574664147815
ECB longer term,all (equal year weight),2020–24,5,20,1.4810672986371503,0.9299779364576377,0.31151519286970814,0.9826859157343149,1.01505267525078,3.0126871402175697,3.0,0.04874213615757631,0.04874213615757631
ECB longer term,all (equal year weight),2020–24,5,20,1.4810672986371503,0.9299779364576377,0.31151519286970814,0.9826859157343149,1.01505267525078,3.0126871402175697,4.0,0.011579557495523944,0.011579557495523944
ECB longer term,all (equal year weight),2020–24,5,20,1.4810672986371503,0.9299779364576377,0.31151519286970814,0.9826859157343149,1.01505267525078,3.0126871402175697,5.0,0.0013217535351369852,0.011579557495523944
ECB longer term,all (equal year weight),2020–24,5,20,1.4810672986371503,0.9299779364576377,0.31151519286970814,0.9826859157343149,1.01505267525078,3.0126871402175697,10.0,0.000158040218378985,0.006613282055507995
ECB longer term,all (equal year weight),2025–26,2,7,1.358780549277549,0.8879984301539076,0.24396419049932724,0.9211497423811028,0.9645758174440167,2.918929938436216,3.0,0.043419421957919035,0.043419421957919035
ECB longer term,all (equal year weight),2025–26,2,7,1.358780549277549,0.8879984301539076,0.24396419049932724,0.9211497423811028,0.9645758174440167,2.918929938436216,4.0,0.011713983539667249,0.011713983539667249
ECB longer term,all (equal year weight),2025–26,2,7,1.358780549277549,0.8879984301539076,0.24396419049932724,0.9211497423811028,0.9645758174440167,2.918929938436216,5.0,0.0,0.011713983539667249
ECB longer term,all (equal year weight),2025–26,2,7,1.358780549277549,0.8879984301539076,0.24396419049932724,0.9211497423811028,0.9645758174440167,2.918929938436216,10.0,0.0,0.011713983539667249
ECB longer term,all (equal year weight),2010–19,10,40,1.6932581641500675,0.786401516932392,0.28961048773776155,0.8389455360318987,1.0019199750824896,3.0729440962024994,3.0,0.05565550887263991,0.05565550887263991
ECB longer term,all (equal year weight),2010–19,10,40,1.6932581641500675,0.786401516932392,0.28961048773776155,0.8389455360318987,1.0019199750824896,3.0729440962024994,4.0,0.004828925985945644,0.004828925985945644
ECB longer term,all (equal year weight),2010–19,10,40,1.6932581641500675,0.786401516932392,0.28961048773776155,0.8389455360318987,1.0019199750824896,3.0729440962024994,5.0,0.0,0.004828925985945644
ECB longer term,all (equal year weight),2010–19,10,40,1.6932581641500675,0.786401516932392,0.28961048773776155,0.8389455360318987,1.0019199750824896,3.0729440962024994,10.0,0.0,0.004828925985945644
ECB longer term,all (equal year weight),2023–26,4,15,1.4006164243724326,0.8931610147382271,0.25485002640366844,0.9296987807535102,0.9867617767759623,2.9569903361127974,3.0,0.04569401377295888,0.04569401377295888
ECB longer term,all (equal year weight),2023–26,4,15,1.4006164243724326,0.8931610147382271,0.25485002640366844,0.9296987807535102,0.9867617767759623,2.9569903361127974,4.0,0.012015861812039275,0.012015861812039275
ECB longer term,all (equal year weight),2023–26,4,15,1.4006164243724326,0.8931610147382271,0.25485002640366844,0.9296987807535102,0.9867617767759623,2.9569903361127974,5.0,0.0,0.012015861812039275
ECB longer term,all (equal year weight),2023–26,4,15,1.4006164243724326,0.8931610147382271,0.25485002640366844,0.9296987807535102,0.9867617767759623,2.9569903361127974,10.0,0.0,0.012015861812039275
