KEY,FREQ,ADJUSTMENT,REF_AREA,COUNTERPART_AREA,REF_SECTOR,COUNTERPART_SECTOR,ACCOUNTING_ENTRY,STO,INSTR_ASSET,ACTIVITY,EXPENDITURE,UNIT_MEASURE,PRICES,TRANSFORMATION,TIME_PERIOD,OBS_VALUE,OBS_STATUS,CONF_STATUS,PRE_BREAK_VALUE,COMMENT_OBS,EMBARGO_DATE,TIME_FORMAT,COMMENT_TS,COMPILING_ORG,CURRENCY,DATA_COMP,DECIMALS,DISS_ORG,LAST_UPDATE,REF_PERIOD_DETAIL,REF_YEAR_PRICE,REPYEAREND,REPYEARSTART,TABLE_IDENTIFIER,TIME_PER_COLLECT,TITLE,TITLE_COMPL,UNIT_MULT,COMMENT_DSET
MNA.Q.N.I9.W2.S1.S1.B.B1GQ._Z._Z._Z.EUR.LR.N,Q,N,I9,W2,S1,S1,B,B1GQ,_Z,_Z,_Z,EUR,LR,N,1995-Q1,2074416.37141986,E,F,,,,P3M,"Gross domestic product at market prices - Euro area 20 (fixed composition) as of 1 January 2023 - Domestic (home or reference area), Total economy, Euro, Chain linked volume (rebased), , Neither seasonally adjusted nor calendar adjusted",4D0,,,2,,,C,2015,,,,S,"Gross domestic product at market prices, volume",,6,
MNA.Q.N.I9.W2.S1.S1.B.B1GQ._Z._Z._Z.EUR.LR.N,Q,N,I9,W2,S1,S1,B,B1GQ,_Z,_Z,_Z,EUR,LR,N,1995-Q2,2121325.65053805,E,F,,,,P3M,"Gross domestic product at market prices - Euro area 20 (fixed composition) as of 1 January 2023 - Domestic (home or reference area), Total economy, Euro, Chain linked volume (rebased), , Neither seasonally adjusted nor calendar adjusted",4D0,,,2,,,C,2015,,,,S,"Gross domestic product at market prices, volume",,6,
MNA.Q.N.I9.W2.S1.S1.B.B1GQ._Z._Z._Z.EUR.LR.N,Q,N,I9,W2,S1,S1,B,B1GQ,_Z,_Z,_Z,EUR,LR,N,1995-Q3,2099720.73055298,E,F,,,,P3M,"Gross domestic product at market prices - Euro area 20 (fixed composition) as of 1 January 2023 - Domestic (home or reference area), Total economy, Euro, Chain linked volume (rebased), , Neither seasonally adjusted nor calendar adjusted",4D0,,,2,,,C,2015,,,,S,"Gross domestic product at market prices, volume",,6,
MNA.Q.N.I9.W2.S1.S1.B.B1GQ._Z._Z._Z.EUR.LR.N,Q,N,I9,W2,S1,S1,B,B1GQ,_Z,_Z,_Z,EUR,LR,N,1995-Q4,2185197.57426065,E,F,,,,P3M,"Gross domestic product at market prices - Euro area 20 (fixed composition) as of 1 January 2023 - Domestic (home or reference area), Total economy, Euro, Chain linked volume (rebased), , Neither seasonally adjusted nor calendar adjusted",4D0,,,2,,,C,2015,,,,S,"Gross domestic product at market prices, volume",,6,
MNA.Q.N.I9.W2.S1.S1.B.B1GQ._Z._Z._Z.EUR.LR.N,Q,N,I9,W2,S1,S1,B,B1GQ,_Z,_Z,_Z,EUR,LR,N,1996-Q1,2098466.78472623,A,F,,,,P3M,"Gross domestic product at market prices - Euro area 20 (fixed composition) as of 1 January 2023 - Domestic (home or reference area), Total economy, Euro, Chain linked volume (rebased), , Neither seasonally adjusted nor calendar adjusted",4D0,,,2,,,C,2015,,,,S,"Gross domestic product at market prices, volume",,6,
MNA.Q.N.I9.W2.S1.S1.B.B1GQ._Z._Z._Z.EUR.LR.N,Q,N,I9,W2,S1,S1,B,B1GQ,_Z,_Z,_Z,EUR,LR,N,1996-Q2,2151627.98686571,A,F,,,,P3M,"Gross domestic product at market prices - Euro area 20 (fixed composition) as of 1 January 2023 - Domestic (home or reference area), Total economy, Euro, Chain linked volume (rebased), , Neither seasonally adjusted nor calendar adjusted",4D0,,,2,,,C,2015,,,,S,"Gross domestic product at market prices, volume",,6,
MNA.Q.N.I9.W2.S1.S1.B.B1GQ._Z._Z._Z.EUR.LR.N,Q,N,I9,W2,S1,S1,B,B1GQ,_Z,_Z,_Z,EUR,LR,N,1996-Q3,2144142.10719942,A,F,,,,P3M,"Gross domestic product at market prices - Euro area 20 (fixed composition) as of 1 January 2023 - Domestic (home or reference area), Total economy, Euro, Chain linked volume (rebased), , Neither seasonally adjusted nor calendar adjusted",4D0,,,2,,,C,2015,,,,S,"Gross domestic product at market prices, volume",,6,
MNA.Q.N.I9.W2.S1.S1.B.B1GQ._Z._Z._Z.EUR.LR.N,Q,N,I9,W2,S1,S1,B,B1GQ,_Z,_Z,_Z,EUR,LR,N,1996-Q4,2228424.0314903,A,F,,,,P3M,"Gross domestic product at market prices - Euro area 20 (fixed composition) as of 1 January 2023 - Domestic (home or reference area), Total economy, Euro, Chain linked volume (rebased), , Neither seasonally adjusted nor calendar adjusted",4D0,,,2,,,C,2015,,,,S,"Gross domestic product at market prices, volume",,6,
MNA.Q.N.I9.W2.S1.S1.B.B1GQ._Z._Z._Z.EUR.LR.N,Q,N,I9,W2,S1,S1,B,B1GQ,_Z,_Z,_Z,EUR,LR,N,1997-Q1,2122477.59961007,A,F,,,,P3M,"Gross domestic product at market prices - Euro area 20 (fixed composition) as of 1 January 2023 - Domestic (home or reference area), Total economy, Euro, Chain linked volume (rebased), , Neither seasonally adjusted nor calendar adjusted",4D0,,,2,,,C,2015,,,,S,"Gross domestic product at market prices, volume",,6,
MNA.Q.N.I9.W2.S1.S1.B.B1GQ._Z._Z._Z.EUR.LR.N,Q,N,I9,W2,S1,S1,B,B1GQ,_Z,_Z,_Z,EUR,LR,N,1997-Q2,2218769.58533334,A,F,,,,P3M,"Gross domestic product at market prices - Euro area 20 (fixed composition) as of 1 January 2023 - Domestic (home or reference area), Total economy, Euro, Chain linked volume (rebased), , Neither seasonally adjusted nor calendar adjusted",4D0,,,2,,,C,2015,,,,S,"Gross domestic product at market prices, volume",,6,
MNA.Q.N.I9.W2.S1.S1.B.B1GQ._Z._Z._Z.EUR.LR.N,Q,N,I9,W2,S1,S1,B,B1GQ,_Z,_Z,_Z,EUR,LR,N,1997-Q3,2206498.98086901,A,F,,,,P3M,"Gross domestic product at market prices - Euro area 20 (fixed composition) as of 1 January 2023 - Domestic (home or reference area), Total economy, Euro, Chain linked volume (rebased), , Neither seasonally adjusted nor calendar adjusted",4D0,,,2,,,C,2015,,,,S,"Gross domestic product at market prices, volume",,6,
MNA.Q.N.I9.W2.S1.S1.B.B1GQ._Z._Z._Z.EUR.LR.N,Q,N,I9,W2,S1,S1,B,B1GQ,_Z,_Z,_Z,EUR,LR,N,1997-Q4,2306300.52545009,A,F,,,,P3M,"Gross domestic product at market prices - Euro area 20 (fixed composition) as of 1 January 2023 - Domestic (home or reference area), Total economy, Euro, Chain linked volume (rebased), , Neither seasonally adjusted nor calendar adjusted",4D0,,,2,,,C,2015,,,,S,"Gross domestic product at market prices, volume",,6,
MNA.Q.N.I9.W2.S1.S1.B.B1GQ._Z._Z._Z.EUR.LR.N,Q,N,I9,W2,S1,S1,B,B1GQ,_Z,_Z,_Z,EUR,LR,N,1998-Q1,2215500.02842454,A,F,,,,P3M,"Gross domestic product at market prices - Euro area 20 (fixed composition) as of 1 January 2023 - Domestic (home or reference area), Total economy, Euro, Chain linked volume (rebased), , Neither seasonally adjusted nor calendar adjusted",4D0,,,2,,,C,2015,,,,S,"Gross domestic product at market prices, volume",,6,
MNA.Q.N.I9.W2.S1.S1.B.B1GQ._Z._Z._Z.EUR.LR.N,Q,N,I9,W2,S1,S1,B,B1GQ,_Z,_Z,_Z,EUR,LR,N,1998-Q2,2273413.13390365,A,F,,,,P3M,"Gross domestic product at market prices - Euro area 20 (fixed composition) as of 1 January 2023 - Domestic (home or reference area), Total economy, Euro, Chain linked volume (rebased), , Neither seasonally adjusted nor calendar adjusted",4D0,,,2,,,C,2015,,,,S,"Gross domestic product at market prices, volume",,6,
MNA.Q.N.I9.W2.S1.S1.B.B1GQ._Z._Z._Z.EUR.LR.N,Q,N,I9,W2,S1,S1,B,B1GQ,_Z,_Z,_Z,EUR,LR,N,1998-Q3,2269929.33224554,A,F,,,,P3M,"Gross domestic product at market prices - Euro area 20 (fixed composition) as of 1 January 2023 - Domestic (home or reference area), Total economy, Euro, Chain linked volume (rebased), , Neither seasonally adjusted nor calendar adjusted",4D0,,,2,,,C,2015,,,,S,"Gross domestic product at market prices, volume",,6,
MNA.Q.N.I9.W2.S1.S1.B.B1GQ._Z._Z._Z.EUR.LR.N,Q,N,I9,W2,S1,S1,B,B1GQ,_Z,_Z,_Z,EUR,LR,N,1998-Q4,2356984.2659287,A,F,,,,P3M,"Gross domestic product at market prices - Euro area 20 (fixed composition) as of 1 January 2023 - Domestic (home or reference area), Total economy, Euro, Chain linked volume (rebased), , Neither seasonally adjusted nor calendar adjusted",4D0,,,2,,,C,2015,,,,S,"Gross domestic product at market prices, volume",,6,
MNA.Q.N.I9.W2.S1.S1.B.B1GQ._Z._Z._Z.EUR.LR.N,Q,N,I9,W2,S1,S1,B,B1GQ,_Z,_Z,_Z,EUR,LR,N,1999-Q1,2265181.41550019,A,F,,,,P3M,"Gross domestic product at market prices - Euro area 20 (fixed composition) as of 1 January 2023 - Domestic (home or reference area), Total economy, Euro, Chain linked volume (rebased), , Neither seasonally adjusted nor calendar adjusted",4D0,,,2,,,C,2015,,,,S,"Gross domestic product at market prices, volume",,6,
MNA.Q.N.I9.W2.S1.S1.B.B1GQ._Z._Z._Z.EUR.LR.N,Q,N,I9,W2,S1,S1,B,B1GQ,_Z,_Z,_Z,EUR,LR,N,1999-Q2,2332332.3832481,A,F,,,,P3M,"Gross domestic product at market prices - Euro area 20 (fixed composition) as of 1 January 2023 - Domestic (home or reference area), Total economy, Euro, Chain linked volume (rebased), , Neither seasonally adjusted nor calendar adjusted",4D0,,,2,,,C,2015,,,,S,"Gross domestic product at market prices, volume",,6,
MNA.Q.N.I9.W2.S1.S1.B.B1GQ._Z._Z._Z.EUR.LR.N,Q,N,I9,W2,S1,S1,B,B1GQ,_Z,_Z,_Z,EUR,LR,N,1999-Q3,2339675.4857904,A,F,,,,P3M,"Gross domestic product at market prices - Euro area 20 (fixed composition) as of 1 January 2023 - Domestic (home or reference area), Total economy, Euro, Chain linked volume (rebased), , Neither seasonally adjusted nor calendar adjusted",4D0,,,2,,,C,2015,,,,S,"Gross domestic product at market prices, volume",,6,
MNA.Q.N.I9.W2.S1.S1.B.B1GQ._Z._Z._Z.EUR.LR.N,Q,N,I9,W2,S1,S1,B,B1GQ,_Z,_Z,_Z,EUR,LR,N,1999-Q4,2450750.29983409,A,F,,,,P3M,"Gross domestic product at market prices - Euro area 20 (fixed composition) as of 1 January 2023 - Domestic (home or reference area), Total economy, Euro, Chain linked volume (rebased), , Neither seasonally adjusted nor calendar adjusted",4D0,,,2,,,C,2015,,,,S,"Gross domestic product at market prices, volume",,6,
MNA.Q.N.I9.W2.S1.S1.B.B1GQ._Z._Z._Z.EUR.LR.N,Q,N,I9,W2,S1,S1,B,B1GQ,_Z,_Z,_Z,EUR,LR,N,2000-Q1,2373587.35379909,A,F,,,,P3M,"Gross domestic product at market prices - Euro area 20 (fixed composition) as of 1 January 2023 - Domestic (home or reference area), Total economy, Euro, Chain linked volume (rebased), , Neither seasonally adjusted nor calendar adjusted",4D0,,,2,,,C,2015,,,,S,"Gross domestic product at market prices, volume",,6,
MNA.Q.N.I9.W2.S1.S1.B.B1GQ._Z._Z._Z.EUR.LR.N,Q,N,I9,W2,S1,S1,B,B1GQ,_Z,_Z,_Z,EUR,LR,N,2000-Q2,2433486.42808355,A,F,,,,P3M,"Gross domestic product at market prices - Euro area 20 (fixed composition) as of 1 January 2023 - Domestic (home or reference area), Total economy, Euro, Chain linked volume (rebased), , Neither seasonally adjusted nor calendar adjusted",4D0,,,2,,,C,2015,,,,S,"Gross domestic product at market prices, volume",,6,
MNA.Q.N.I9.W2.S1.S1.B.B1GQ._Z._Z._Z.EUR.LR.N,Q,N,I9,W2,S1,S1,B,B1GQ,_Z,_Z,_Z,EUR,LR,N,2000-Q3,2420813.81360692,A,F,,,,P3M,"Gross domestic product at market prices - Euro area 20 (fixed composition) as of 1 January 2023 - Domestic (home or reference area), Total economy, Euro, Chain linked volume (rebased), , Neither seasonally adjusted nor calendar adjusted",4D0,,,2,,,C,2015,,,,S,"Gross domestic product at market prices, volume",,6,
MNA.Q.N.I9.W2.S1.S1.B.B1GQ._Z._Z._Z.EUR.LR.N,Q,N,I9,W2,S1,S1,B,B1GQ,_Z,_Z,_Z,EUR,LR,N,2000-Q4,2522129.33732184,A,F,,,,P3M,"Gross domestic product at market prices - Euro area 20 (fixed composition) as of 1 January 2023 - Domestic (home or reference area), Total economy, Euro, Chain linked volume (rebased), , Neither seasonally adjusted nor calendar adjusted",4D0,,,2,,,C,2015,,,,S,"Gross domestic product at market prices, volume",,6,
MNA.Q.N.I9.W2.S1.S1.B.B1GQ._Z._Z._Z.EUR.LR.N,Q,N,I9,W2,S1,S1,B,B1GQ,_Z,_Z,_Z,EUR,LR,N,2001-Q1,2446468.66617686,A,F,,,,P3M,"Gross domestic product at market prices - Euro area 20 (fixed composition) as of 1 January 2023 - Domestic (home or reference area), Total economy, Euro, Chain linked volume (rebased), , Neither seasonally adjusted nor calendar adjusted",4D0,,,2,,,C,2015,,,,S,"Gross domestic product at market prices, volume",,6,
MNA.Q.N.I9.W2.S1.S1.B.B1GQ._Z._Z._Z.EUR.LR.N,Q,N,I9,W2,S1,S1,B,B1GQ,_Z,_Z,_Z,EUR,LR,N,2001-Q2,2489812.17383732,A,F,,,,P3M,"Gross domestic product at market prices - Euro area 20 (fixed composition) as of 1 January 2023 - Domestic (home or reference area), Total economy, Euro, Chain linked volume (rebased), , Neither seasonally adjusted nor calendar adjusted",4D0,,,2,,,C,2015,,,,S,"Gross domestic product at market prices, volume",,6,
MNA.Q.N.I9.W2.S1.S1.B.B1GQ._Z._Z._Z.EUR.LR.N,Q,N,I9,W2,S1,S1,B,B1GQ,_Z,_Z,_Z,EUR,LR,N,2001-Q3,2465242.57528189,A,F,,,,P3M,"Gross domestic product at market prices - Euro area 20 (fixed composition) as of 1 January 2023 - Domestic (home or reference area), Total economy, Euro, Chain linked volume (rebased), , Neither seasonally adjusted nor calendar adjusted",4D0,,,2,,,C,2015,,,,S,"Gross domestic product at market prices, volume",,6,
MNA.Q.N.I9.W2.S1.S1.B.B1GQ._Z._Z._Z.EUR.LR.N,Q,N,I9,W2,S1,S1,B,B1GQ,_Z,_Z,_Z,EUR,LR,N,2001-Q4,2558938.34304863,A,F,,,,P3M,"Gross domestic product at market prices - Euro area 20 (fixed composition) as of 1 January 2023 - Domestic (home or reference area), Total economy, Euro, Chain linked volume (rebased), , Neither seasonally adjusted nor calendar adjusted",4D0,,,2,,,C,2015,,,,S,"Gross domestic product at market prices, volume",,6,
MNA.Q.N.I9.W2.S1.S1.B.B1GQ._Z._Z._Z.EUR.LR.N,Q,N,I9,W2,S1,S1,B,B1GQ,_Z,_Z,_Z,EUR,LR,N,2002-Q1,2445167.72248357,A,F,,,,P3M,"Gross domestic product at market prices - Euro area 20 (fixed composition) as of 1 January 2023 - Domestic (home or reference area), Total economy, Euro, Chain linked volume (rebased), , Neither seasonally adjusted nor calendar adjusted",4D0,,,2,,,C,2015,,,,S,"Gross domestic product at market prices, volume",,6,
MNA.Q.N.I9.W2.S1.S1.B.B1GQ._Z._Z._Z.EUR.LR.N,Q,N,I9,W2,S1,S1,B,B1GQ,_Z,_Z,_Z,EUR,LR,N,2002-Q2,2515234.87108933,A,F,,,,P3M,"Gross domestic product at market prices - Euro area 20 (fixed composition) as of 1 January 2023 - Domestic (home or reference area), Total economy, Euro, Chain linked volume (rebased), , Neither seasonally adjusted nor calendar adjusted",4D0,,,2,,,C,2015,,,,S,"Gross domestic product at market prices, volume",,6,
MNA.Q.N.I9.W2.S1.S1.B.B1GQ._Z._Z._Z.EUR.LR.N,Q,N,I9,W2,S1,S1,B,B1GQ,_Z,_Z,_Z,EUR,LR,N,2002-Q3,2502798.16072177,A,F,,,,P3M,"Gross domestic product at market prices - Euro area 20 (fixed composition) as of 1 January 2023 - Domestic (home or reference area), Total economy, Euro, Chain linked volume (rebased), , Neither seasonally adjusted nor calendar adjusted",4D0,,,2,,,C,2015,,,,S,"Gross domestic product at market prices, volume",,6,
MNA.Q.N.I9.W2.S1.S1.B.B1GQ._Z._Z._Z.EUR.LR.N,Q,N,I9,W2,S1,S1,B,B1GQ,_Z,_Z,_Z,EUR,LR,N,2002-Q4,2588147.25907007,A,F,,,,P3M,"Gross domestic product at market prices - Euro area 20 (fixed composition) as of 1 January 2023 - Domestic (home or reference area), Total economy, Euro, Chain linked volume (rebased), , Neither seasonally adjusted nor calendar adjusted",4D0,,,2,,,C,2015,,,,S,"Gross domestic product at market prices, volume",,6,
MNA.Q.N.I9.W2.S1.S1.B.B1GQ._Z._Z._Z.EUR.LR.N,Q,N,I9,W2,S1,S1,B,B1GQ,_Z,_Z,_Z,EUR,LR,N,2003-Q1,2468343.1915308,A,F,,,,P3M,"Gross domestic product at market prices - Euro area 20 (fixed composition) as of 1 January 2023 - Domestic (home or reference area), Total economy, Euro, Chain linked volume (rebased), , Neither seasonally adjusted nor calendar adjusted",4D0,,,2,,,C,2015,,,,S,"Gross domestic product at market prices, volume",,6,
MNA.Q.N.I9.W2.S1.S1.B.B1GQ._Z._Z._Z.EUR.LR.N,Q,N,I9,W2,S1,S1,B,B1GQ,_Z,_Z,_Z,EUR,LR,N,2003-Q2,2520551.19723277,A,F,,,,P3M,"Gross domestic product at market prices - Euro area 20 (fixed composition) as of 1 January 2023 - Domestic (home or reference area), Total economy, Euro, Chain linked volume (rebased), , Neither seasonally adjusted nor calendar adjusted",4D0,,,2,,,C,2015,,,,S,"Gross domestic product at market prices, volume",,6,
MNA.Q.N.I9.W2.S1.S1.B.B1GQ._Z._Z._Z.EUR.LR.N,Q,N,I9,W2,S1,S1,B,B1GQ,_Z,_Z,_Z,EUR,LR,N,2003-Q3,2517473.83615442,A,F,,,,P3M,"Gross domestic product at market prices - Euro area 20 (fixed composition) as of 1 January 2023 - Domestic (home or reference area), Total economy, Euro, Chain linked volume (rebased), , Neither seasonally adjusted nor calendar adjusted",4D0,,,2,,,C,2015,,,,S,"Gross domestic product at market prices, volume",,6,
MNA.Q.N.I9.W2.S1.S1.B.B1GQ._Z._Z._Z.EUR.LR.N,Q,N,I9,W2,S1,S1,B,B1GQ,_Z,_Z,_Z,EUR,LR,N,2003-Q4,2617445.84992096,A,F,,,,P3M,"Gross domestic product at market prices - Euro area 20 (fixed composition) as of 1 January 2023 - Domestic (home or reference area), Total economy, Euro, Chain linked volume (rebased), , Neither seasonally adjusted nor calendar adjusted",4D0,,,2,,,C,2015,,,,S,"Gross domestic product at market prices, volume",,6,
MNA.Q.N.I9.W2.S1.S1.B.B1GQ._Z._Z._Z.EUR.LR.N,Q,N,I9,W2,S1,S1,B,B1GQ,_Z,_Z,_Z,EUR,LR,N,2004-Q1,2523158.44578877,A,F,,,,P3M,"Gross domestic product at market prices - Euro area 20 (fixed composition) as of 1 January 2023 - Domestic (home or reference area), Total economy, Euro, Chain linked volume (rebased), , Neither seasonally adjusted nor calendar adjusted",4D0,,,2,,,C,2015,,,,S,"Gross domestic product at market prices, volume",,6,
MNA.Q.N.I9.W2.S1.S1.B.B1GQ._Z._Z._Z.EUR.LR.N,Q,N,I9,W2,S1,S1,B,B1GQ,_Z,_Z,_Z,EUR,LR,N,2004-Q2,2591540.87098815,A,F,,,,P3M,"Gross domestic product at market prices - Euro area 20 (fixed composition) as of 1 January 2023 - Domestic (home or reference area), Total economy, Euro, Chain linked volume (rebased), , Neither seasonally adjusted nor calendar adjusted",4D0,,,2,,,C,2015,,,,S,"Gross domestic product at market prices, volume",,6,
MNA.Q.N.I9.W2.S1.S1.B.B1GQ._Z._Z._Z.EUR.LR.N,Q,N,I9,W2,S1,S1,B,B1GQ,_Z,_Z,_Z,EUR,LR,N,2004-Q3,2571644.99233791,A,F,,,,P3M,"Gross domestic product at market prices - Euro area 20 (fixed composition) as of 1 January 2023 - Domestic (home or reference area), Total economy, Euro, Chain linked volume (rebased), , Neither seasonally adjusted nor calendar adjusted",4D0,,,2,,,C,2015,,,,S,"Gross domestic product at market prices, volume",,6,
MNA.Q.N.I9.W2.S1.S1.B.B1GQ._Z._Z._Z.EUR.LR.N,Q,N,I9,W2,S1,S1,B,B1GQ,_Z,_Z,_Z,EUR,LR,N,2004-Q4,2669849.18038509,A,F,,,,P3M,"Gross domestic product at market prices - Euro area 20 (fixed composition) as of 1 January 2023 - Domestic (home or reference area), Total economy, Euro, Chain linked volume (rebased), , Neither seasonally adjusted nor calendar adjusted",4D0,,,2,,,C,2015,,,,S,"Gross domestic product at market prices, volume",,6,
MNA.Q.N.I9.W2.S1.S1.B.B1GQ._Z._Z._Z.EUR.LR.N,Q,N,I9,W2,S1,S1,B,B1GQ,_Z,_Z,_Z,EUR,LR,N,2005-Q1,2549339.853896,A,F,,,,P3M,"Gross domestic product at market prices - Euro area 20 (fixed composition) as of 1 January 2023 - Domestic (home or reference area), Total economy, Euro, Chain linked volume (rebased), , Neither seasonally adjusted nor calendar adjusted",4D0,,,2,,,C,2015,,,,S,"Gross domestic product at market prices, volume",,6,
MNA.Q.N.I9.W2.S1.S1.B.B1GQ._Z._Z._Z.EUR.LR.N,Q,N,I9,W2,S1,S1,B,B1GQ,_Z,_Z,_Z,EUR,LR,N,2005-Q2,2645494.7953232,A,F,,,,P3M,"Gross domestic product at market prices - Euro area 20 (fixed composition) as of 1 January 2023 - Domestic (home or reference area), Total economy, Euro, Chain linked volume (rebased), , Neither seasonally adjusted nor calendar adjusted",4D0,,,2,,,C,2015,,,,S,"Gross domestic product at market prices, volume",,6,
MNA.Q.N.I9.W2.S1.S1.B.B1GQ._Z._Z._Z.EUR.LR.N,Q,N,I9,W2,S1,S1,B,B1GQ,_Z,_Z,_Z,EUR,LR,N,2005-Q3,2622454.07203311,A,F,,,,P3M,"Gross domestic product at market prices - Euro area 20 (fixed composition) as of 1 January 2023 - Domestic (home or reference area), Total economy, Euro, Chain linked volume (rebased), , Neither seasonally adjusted nor calendar adjusted",4D0,,,2,,,C,2015,,,,S,"Gross domestic product at market prices, volume",,6,
MNA.Q.N.I9.W2.S1.S1.B.B1GQ._Z._Z._Z.EUR.LR.N,Q,N,I9,W2,S1,S1,B,B1GQ,_Z,_Z,_Z,EUR,LR,N,2005-Q4,2720491.55657783,A,F,,,,P3M,"Gross domestic product at market prices - Euro area 20 (fixed composition) as of 1 January 2023 - Domestic (home or reference area), Total economy, Euro, Chain linked volume (rebased), , Neither seasonally adjusted nor calendar adjusted",4D0,,,2,,,C,2015,,,,S,"Gross domestic product at market prices, volume",,6,
MNA.Q.N.I9.W2.S1.S1.B.B1GQ._Z._Z._Z.EUR.LR.N,Q,N,I9,W2,S1,S1,B,B1GQ,_Z,_Z,_Z,EUR,LR,N,2006-Q1,2644974.6581262,A,F,,,,P3M,"Gross domestic product at market prices - Euro area 20 (fixed composition) as of 1 January 2023 - Domestic (home or reference area), Total economy, Euro, Chain linked volume (rebased), , Neither seasonally adjusted nor calendar adjusted",4D0,,,2,,,C,2015,,,,S,"Gross domestic product at market prices, volume",,6,
MNA.Q.N.I9.W2.S1.S1.B.B1GQ._Z._Z._Z.EUR.LR.N,Q,N,I9,W2,S1,S1,B,B1GQ,_Z,_Z,_Z,EUR,LR,N,2006-Q2,2720745.2309002,A,F,,,,P3M,"Gross domestic product at market prices - Euro area 20 (fixed composition) as of 1 January 2023 - Domestic (home or reference area), Total economy, Euro, Chain linked volume (rebased), , Neither seasonally adjusted nor calendar adjusted",4D0,,,2,,,C,2015,,,,S,"Gross domestic product at market prices, volume",,6,
MNA.Q.N.I9.W2.S1.S1.B.B1GQ._Z._Z._Z.EUR.LR.N,Q,N,I9,W2,S1,S1,B,B1GQ,_Z,_Z,_Z,EUR,LR,N,2006-Q3,2701290.84714051,A,F,,,,P3M,"Gross domestic product at market prices - Euro area 20 (fixed composition) as of 1 January 2023 - Domestic (home or reference area), Total economy, Euro, Chain linked volume (rebased), , Neither seasonally adjusted nor calendar adjusted",4D0,,,2,,,C,2015,,,,S,"Gross domestic product at market prices, volume",,6,
MNA.Q.N.I9.W2.S1.S1.B.B1GQ._Z._Z._Z.EUR.LR.N,Q,N,I9,W2,S1,S1,B,B1GQ,_Z,_Z,_Z,EUR,LR,N,2006-Q4,2819941.38026098,A,F,,,,P3M,"Gross domestic product at market prices - Euro area 20 (fixed composition) as of 1 January 2023 - Domestic (home or reference area), Total economy, Euro, Chain linked volume (rebased), , Neither seasonally adjusted nor calendar adjusted",4D0,,,2,,,C,2015,,,,S,"Gross domestic product at market prices, volume",,6,
MNA.Q.N.I9.W2.S1.S1.B.B1GQ._Z._Z._Z.EUR.LR.N,Q,N,I9,W2,S1,S1,B,B1GQ,_Z,_Z,_Z,EUR,LR,N,2007-Q1,2735396.59106398,A,F,,,,P3M,"Gross domestic product at market prices - Euro area 20 (fixed composition) as of 1 January 2023 - Domestic (home or reference area), Total economy, Euro, Chain linked volume (rebased), , Neither seasonally adjusted nor calendar adjusted",4D0,,,2,,,C,2015,,,,S,"Gross domestic product at market prices, volume",,6,
MNA.Q.N.I9.W2.S1.S1.B.B1GQ._Z._Z._Z.EUR.LR.N,Q,N,I9,W2,S1,S1,B,B1GQ,_Z,_Z,_Z,EUR,LR,N,2007-Q2,2805858.38318432,A,F,,,,P3M,"Gross domestic product at market prices - Euro area 20 (fixed composition) as of 1 January 2023 - Domestic (home or reference area), Total economy, Euro, Chain linked volume (rebased), , Neither seasonally adjusted nor calendar adjusted",4D0,,,2,,,C,2015,,,,S,"Gross domestic product at market prices, volume",,6,
MNA.Q.N.I9.W2.S1.S1.B.B1GQ._Z._Z._Z.EUR.LR.N,Q,N,I9,W2,S1,S1,B,B1GQ,_Z,_Z,_Z,EUR,LR,N,2007-Q3,2784562.18781087,A,F,,,,P3M,"Gross domestic product at market prices - Euro area 20 (fixed composition) as of 1 January 2023 - Domestic (home or reference area), Total economy, Euro, Chain linked volume (rebased), , Neither seasonally adjusted nor calendar adjusted",4D0,,,2,,,C,2015,,,,S,"Gross domestic product at market prices, volume",,6,
MNA.Q.N.I9.W2.S1.S1.B.B1GQ._Z._Z._Z.EUR.LR.N,Q,N,I9,W2,S1,S1,B,B1GQ,_Z,_Z,_Z,EUR,LR,N,2007-Q4,2887372.05879522,A,F,,,,P3M,"Gross domestic product at market prices - Euro area 20 (fixed composition) as of 1 January 2023 - Domestic (home or reference area), Total economy, Euro, Chain linked volume (rebased), , Neither seasonally adjusted nor calendar adjusted",4D0,,,2,,,C,2015,,,,S,"Gross domestic product at market prices, volume",,6,
MNA.Q.N.I9.W2.S1.S1.B.B1GQ._Z._Z._Z.EUR.LR.N,Q,N,I9,W2,S1,S1,B,B1GQ,_Z,_Z,_Z,EUR,LR,N,2008-Q1,2783289.32209611,A,F,,,,P3M,"Gross domestic product at market prices - Euro area 20 (fixed composition) as of 1 January 2023 - Domestic (home or reference area), Total economy, Euro, Chain linked volume (rebased), , Neither seasonally adjusted nor calendar adjusted",4D0,,,2,,,C,2015,,,,S,"Gross domestic product at market prices, volume",,6,
MNA.Q.N.I9.W2.S1.S1.B.B1GQ._Z._Z._Z.EUR.LR.N,Q,N,I9,W2,S1,S1,B,B1GQ,_Z,_Z,_Z,EUR,LR,N,2008-Q2,2850074.67301649,A,F,,,,P3M,"Gross domestic product at market prices - Euro area 20 (fixed composition) as of 1 January 2023 - Domestic (home or reference area), Total economy, Euro, Chain linked volume (rebased), , Neither seasonally adjusted nor calendar adjusted",4D0,,,2,,,C,2015,,,,S,"Gross domestic product at market prices, volume",,6,
MNA.Q.N.I9.W2.S1.S1.B.B1GQ._Z._Z._Z.EUR.LR.N,Q,N,I9,W2,S1,S1,B,B1GQ,_Z,_Z,_Z,EUR,LR,N,2008-Q3,2799988.63150354,A,F,,,,P3M,"Gross domestic product at market prices - Euro area 20 (fixed composition) as of 1 January 2023 - Domestic (home or reference area), Total economy, Euro, Chain linked volume (rebased), , Neither seasonally adjusted nor calendar adjusted",4D0,,,2,,,C,2015,,,,S,"Gross domestic product at market prices, volume",,6,
MNA.Q.N.I9.W2.S1.S1.B.B1GQ._Z._Z._Z.EUR.LR.N,Q,N,I9,W2,S1,S1,B,B1GQ,_Z,_Z,_Z,EUR,LR,N,2008-Q4,2825730.45552702,A,F,,,,P3M,"Gross domestic product at market prices - Euro area 20 (fixed composition) as of 1 January 2023 - Domestic (home or reference area), Total economy, Euro, Chain linked volume (rebased), , Neither seasonally adjusted nor calendar adjusted",4D0,,,2,,,C,2015,,,,S,"Gross domestic product at market prices, volume",,6,
MNA.Q.N.I9.W2.S1.S1.B.B1GQ._Z._Z._Z.EUR.LR.N,Q,N,I9,W2,S1,S1,B,B1GQ,_Z,_Z,_Z,EUR,LR,N,2009-Q1,2621576.95206639,A,F,,,,P3M,"Gross domestic product at market prices - Euro area 20 (fixed composition) as of 1 January 2023 - Domestic (home or reference area), Total economy, Euro, Chain linked volume (rebased), , Neither seasonally adjusted nor calendar adjusted",4D0,,,2,,,C,2015,,,,S,"Gross domestic product at market prices, volume",,6,
MNA.Q.N.I9.W2.S1.S1.B.B1GQ._Z._Z._Z.EUR.LR.N,Q,N,I9,W2,S1,S1,B,B1GQ,_Z,_Z,_Z,EUR,LR,N,2009-Q2,2682201.78569541,A,F,,,,P3M,"Gross domestic product at market prices - Euro area 20 (fixed composition) as of 1 January 2023 - Domestic (home or reference area), Total economy, Euro, Chain linked volume (rebased), , Neither seasonally adjusted nor calendar adjusted",4D0,,,2,,,C,2015,,,,S,"Gross domestic product at market prices, volume",,6,
MNA.Q.N.I9.W2.S1.S1.B.B1GQ._Z._Z._Z.EUR.LR.N,Q,N,I9,W2,S1,S1,B,B1GQ,_Z,_Z,_Z,EUR,LR,N,2009-Q3,2680989.76742668,A,F,,,,P3M,"Gross domestic product at market prices - Euro area 20 (fixed composition) as of 1 January 2023 - Domestic (home or reference area), Total economy, Euro, Chain linked volume (rebased), , Neither seasonally adjusted nor calendar adjusted",4D0,,,2,,,C,2015,,,,S,"Gross domestic product at market prices, volume",,6,
MNA.Q.N.I9.W2.S1.S1.B.B1GQ._Z._Z._Z.EUR.LR.N,Q,N,I9,W2,S1,S1,B,B1GQ,_Z,_Z,_Z,EUR,LR,N,2009-Q4,2772528.51541641,A,F,,,,P3M,"Gross domestic product at market prices - Euro area 20 (fixed composition) as of 1 January 2023 - Domestic (home or reference area), Total economy, Euro, Chain linked volume (rebased), , Neither seasonally adjusted nor calendar adjusted",4D0,,,2,,,C,2015,,,,S,"Gross domestic product at market prices, volume",,6,
MNA.Q.N.I9.W2.S1.S1.B.B1GQ._Z._Z._Z.EUR.LR.N,Q,N,I9,W2,S1,S1,B,B1GQ,_Z,_Z,_Z,EUR,LR,N,2010-Q1,2653837.4488022,A,F,,,,P3M,"Gross domestic product at market prices - Euro area 20 (fixed composition) as of 1 January 2023 - Domestic (home or reference area), Total economy, Euro, Chain linked volume (rebased), , Neither seasonally adjusted nor calendar adjusted",4D0,,,2,,,C,2015,,,,S,"Gross domestic product at market prices, volume",,6,
MNA.Q.N.I9.W2.S1.S1.B.B1GQ._Z._Z._Z.EUR.LR.N,Q,N,I9,W2,S1,S1,B,B1GQ,_Z,_Z,_Z,EUR,LR,N,2010-Q2,2747580.34762397,A,F,,,,P3M,"Gross domestic product at market prices - Euro area 20 (fixed composition) as of 1 January 2023 - Domestic (home or reference area), Total economy, Euro, Chain linked volume (rebased), , Neither seasonally adjusted nor calendar adjusted",4D0,,,2,,,C,2015,,,,S,"Gross domestic product at market prices, volume",,6,
MNA.Q.N.I9.W2.S1.S1.B.B1GQ._Z._Z._Z.EUR.LR.N,Q,N,I9,W2,S1,S1,B,B1GQ,_Z,_Z,_Z,EUR,LR,N,2010-Q3,2741439.08914284,A,F,,,,P3M,"Gross domestic product at market prices - Euro area 20 (fixed composition) as of 1 January 2023 - Domestic (home or reference area), Total economy, Euro, Chain linked volume (rebased), , Neither seasonally adjusted nor calendar adjusted",4D0,,,2,,,C,2015,,,,S,"Gross domestic product at market prices, volume",,6,
MNA.Q.N.I9.W2.S1.S1.B.B1GQ._Z._Z._Z.EUR.LR.N,Q,N,I9,W2,S1,S1,B,B1GQ,_Z,_Z,_Z,EUR,LR,N,2010-Q4,2837494.22270976,A,F,,,,P3M,"Gross domestic product at market prices - Euro area 20 (fixed composition) as of 1 January 2023 - Domestic (home or reference area), Total economy, Euro, Chain linked volume (rebased), , Neither seasonally adjusted nor calendar adjusted",4D0,,,2,,,C,2015,,,,S,"Gross domestic product at market prices, volume",,6,
MNA.Q.N.I9.W2.S1.S1.B.B1GQ._Z._Z._Z.EUR.LR.N,Q,N,I9,W2,S1,S1,B,B1GQ,_Z,_Z,_Z,EUR,LR,N,2011-Q1,2739149.09325061,A,F,,,,P3M,"Gross domestic product at market prices - Euro area 20 (fixed composition) as of 1 January 2023 - Domestic (home or reference area), Total economy, Euro, Chain linked volume (rebased), , Neither seasonally adjusted nor calendar adjusted",4D0,,,2,,,C,2015,,,,S,"Gross domestic product at market prices, volume",,6,
MNA.Q.N.I9.W2.S1.S1.B.B1GQ._Z._Z._Z.EUR.LR.N,Q,N,I9,W2,S1,S1,B,B1GQ,_Z,_Z,_Z,EUR,LR,N,2011-Q2,2803101.9250427,A,F,,,,P3M,"Gross domestic product at market prices - Euro area 20 (fixed composition) as of 1 January 2023 - Domestic (home or reference area), Total economy, Euro, Chain linked volume (rebased), , Neither seasonally adjusted nor calendar adjusted",4D0,,,2,,,C,2015,,,,S,"Gross domestic product at market prices, volume",,6,
MNA.Q.N.I9.W2.S1.S1.B.B1GQ._Z._Z._Z.EUR.LR.N,Q,N,I9,W2,S1,S1,B,B1GQ,_Z,_Z,_Z,EUR,LR,N,2011-Q3,2783077.70921311,A,F,,,,P3M,"Gross domestic product at market prices - Euro area 20 (fixed composition) as of 1 January 2023 - Domestic (home or reference area), Total economy, Euro, Chain linked volume (rebased), , Neither seasonally adjusted nor calendar adjusted",4D0,,,2,,,C,2015,,,,S,"Gross domestic product at market prices, volume",,6,
MNA.Q.N.I9.W2.S1.S1.B.B1GQ._Z._Z._Z.EUR.LR.N,Q,N,I9,W2,S1,S1,B,B1GQ,_Z,_Z,_Z,EUR,LR,N,2011-Q4,2844326.16109998,A,F,,,,P3M,"Gross domestic product at market prices - Euro area 20 (fixed composition) as of 1 January 2023 - Domestic (home or reference area), Total economy, Euro, Chain linked volume (rebased), , Neither seasonally adjusted nor calendar adjusted",4D0,,,2,,,C,2015,,,,S,"Gross domestic product at market prices, volume",,6,
MNA.Q.N.I9.W2.S1.S1.B.B1GQ._Z._Z._Z.EUR.LR.N,Q,N,I9,W2,S1,S1,B,B1GQ,_Z,_Z,_Z,EUR,LR,N,2012-Q1,2734346.77470287,A,F,,,,P3M,"Gross domestic product at market prices - Euro area 20 (fixed composition) as of 1 January 2023 - Domestic (home or reference area), Total economy, Euro, Chain linked volume (rebased), , Neither seasonally adjusted nor calendar adjusted",4D0,,,2,,,C,2015,,,,S,"Gross domestic product at market prices, volume",,6,
MNA.Q.N.I9.W2.S1.S1.B.B1GQ._Z._Z._Z.EUR.LR.N,Q,N,I9,W2,S1,S1,B,B1GQ,_Z,_Z,_Z,EUR,LR,N,2012-Q2,2768027.9707803,A,F,,,,P3M,"Gross domestic product at market prices - Euro area 20 (fixed composition) as of 1 January 2023 - Domestic (home or reference area), Total economy, Euro, Chain linked volume (rebased), , Neither seasonally adjusted nor calendar adjusted",4D0,,,2,,,C,2015,,,,S,"Gross domestic product at market prices, volume",,6,
MNA.Q.N.I9.W2.S1.S1.B.B1GQ._Z._Z._Z.EUR.LR.N,Q,N,I9,W2,S1,S1,B,B1GQ,_Z,_Z,_Z,EUR,LR,N,2012-Q3,2749360.15270622,A,F,,,,P3M,"Gross domestic product at market prices - Euro area 20 (fixed composition) as of 1 January 2023 - Domestic (home or reference area), Total economy, Euro, Chain linked volume (rebased), , Neither seasonally adjusted nor calendar adjusted",4D0,,,2,,,C,2015,,,,S,"Gross domestic product at market prices, volume",,6,
MNA.Q.N.I9.W2.S1.S1.B.B1GQ._Z._Z._Z.EUR.LR.N,Q,N,I9,W2,S1,S1,B,B1GQ,_Z,_Z,_Z,EUR,LR,N,2012-Q4,2811387.45477655,A,F,,,,P3M,"Gross domestic product at market prices - Euro area 20 (fixed composition) as of 1 January 2023 - Domestic (home or reference area), Total economy, Euro, Chain linked volume (rebased), , Neither seasonally adjusted nor calendar adjusted",4D0,,,2,,,C,2015,,,,S,"Gross domestic product at market prices, volume",,6,
MNA.Q.N.I9.W2.S1.S1.B.B1GQ._Z._Z._Z.EUR.LR.N,Q,N,I9,W2,S1,S1,B,B1GQ,_Z,_Z,_Z,EUR,LR,N,2013-Q1,2682210.88115705,A,F,,,,P3M,"Gross domestic product at market prices - Euro area 20 (fixed composition) as of 1 January 2023 - Domestic (home or reference area), Total economy, Euro, Chain linked volume (rebased), , Neither seasonally adjusted nor calendar adjusted",4D0,,,2,,,C,2015,,,,S,"Gross domestic product at market prices, volume",,6,
MNA.Q.N.I9.W2.S1.S1.B.B1GQ._Z._Z._Z.EUR.LR.N,Q,N,I9,W2,S1,S1,B,B1GQ,_Z,_Z,_Z,EUR,LR,N,2013-Q2,2765412.8608035,A,F,,,,P3M,"Gross domestic product at market prices - Euro area 20 (fixed composition) as of 1 January 2023 - Domestic (home or reference area), Total economy, Euro, Chain linked volume (rebased), , Neither seasonally adjusted nor calendar adjusted",4D0,,,2,,,C,2015,,,,S,"Gross domestic product at market prices, volume",,6,
MNA.Q.N.I9.W2.S1.S1.B.B1GQ._Z._Z._Z.EUR.LR.N,Q,N,I9,W2,S1,S1,B,B1GQ,_Z,_Z,_Z,EUR,LR,N,2013-Q3,2764347.96377111,A,F,,,,P3M,"Gross domestic product at market prices - Euro area 20 (fixed composition) as of 1 January 2023 - Domestic (home or reference area), Total economy, Euro, Chain linked volume (rebased), , Neither seasonally adjusted nor calendar adjusted",4D0,,,2,,,C,2015,,,,S,"Gross domestic product at market prices, volume",,6,
MNA.Q.N.I9.W2.S1.S1.B.B1GQ._Z._Z._Z.EUR.LR.N,Q,N,I9,W2,S1,S1,B,B1GQ,_Z,_Z,_Z,EUR,LR,N,2013-Q4,2831262.8640291,A,F,,,,P3M,"Gross domestic product at market prices - Euro area 20 (fixed composition) as of 1 January 2023 - Domestic (home or reference area), Total economy, Euro, Chain linked volume (rebased), , Neither seasonally adjusted nor calendar adjusted",4D0,,,2,,,C,2015,,,,S,"Gross domestic product at market prices, volume",,6,
MNA.Q.N.I9.W2.S1.S1.B.B1GQ._Z._Z._Z.EUR.LR.N,Q,N,I9,W2,S1,S1,B,B1GQ,_Z,_Z,_Z,EUR,LR,N,2014-Q1,2729484.96905248,A,F,,,,P3M,"Gross domestic product at market prices - Euro area 20 (fixed composition) as of 1 January 2023 - Domestic (home or reference area), Total economy, Euro, Chain linked volume (rebased), , Neither seasonally adjusted nor calendar adjusted",4D0,,,2,,,C,2015,,,,S,"Gross domestic product at market prices, volume",,6,
MNA.Q.N.I9.W2.S1.S1.B.B1GQ._Z._Z._Z.EUR.LR.N,Q,N,I9,W2,S1,S1,B,B1GQ,_Z,_Z,_Z,EUR,LR,N,2014-Q2,2793309.87152115,A,F,,,,P3M,"Gross domestic product at market prices - Euro area 20 (fixed composition) as of 1 January 2023 - Domestic (home or reference area), Total economy, Euro, Chain linked volume (rebased), , Neither seasonally adjusted nor calendar adjusted",4D0,,,2,,,C,2015,,,,S,"Gross domestic product at market prices, volume",,6,
MNA.Q.N.I9.W2.S1.S1.B.B1GQ._Z._Z._Z.EUR.LR.N,Q,N,I9,W2,S1,S1,B,B1GQ,_Z,_Z,_Z,EUR,LR,N,2014-Q3,2801763.164996,A,F,,,,P3M,"Gross domestic product at market prices - Euro area 20 (fixed composition) as of 1 January 2023 - Domestic (home or reference area), Total economy, Euro, Chain linked volume (rebased), , Neither seasonally adjusted nor calendar adjusted",4D0,,,2,,,C,2015,,,,S,"Gross domestic product at market prices, volume",,6,
MNA.Q.N.I9.W2.S1.S1.B.B1GQ._Z._Z._Z.EUR.LR.N,Q,N,I9,W2,S1,S1,B,B1GQ,_Z,_Z,_Z,EUR,LR,N,2014-Q4,2877891.32079826,A,F,,,,P3M,"Gross domestic product at market prices - Euro area 20 (fixed composition) as of 1 January 2023 - Domestic (home or reference area), Total economy, Euro, Chain linked volume (rebased), , Neither seasonally adjusted nor calendar adjusted",4D0,,,2,,,C,2015,,,,S,"Gross domestic product at market prices, volume",,6,
MNA.Q.N.I9.W2.S1.S1.B.B1GQ._Z._Z._Z.EUR.LR.N,Q,N,I9,W2,S1,S1,B,B1GQ,_Z,_Z,_Z,EUR,LR,N,2015-Q1,2782778.02026739,A,F,,,,P3M,"Gross domestic product at market prices - Euro area 20 (fixed composition) as of 1 January 2023 - Domestic (home or reference area), Total economy, Euro, Chain linked volume (rebased), , Neither seasonally adjusted nor calendar adjusted",4D0,,,2,,,C,2015,,,,S,"Gross domestic product at market prices, volume",,6,
MNA.Q.N.I9.W2.S1.S1.B.B1GQ._Z._Z._Z.EUR.LR.N,Q,N,I9,W2,S1,S1,B,B1GQ,_Z,_Z,_Z,EUR,LR,N,2015-Q2,2850951.43430689,A,F,,,,P3M,"Gross domestic product at market prices - Euro area 20 (fixed composition) as of 1 January 2023 - Domestic (home or reference area), Total economy, Euro, Chain linked volume (rebased), , Neither seasonally adjusted nor calendar adjusted",4D0,,,2,,,C,2015,,,,S,"Gross domestic product at market prices, volume",,6,
MNA.Q.N.I9.W2.S1.S1.B.B1GQ._Z._Z._Z.EUR.LR.N,Q,N,I9,W2,S1,S1,B,B1GQ,_Z,_Z,_Z,EUR,LR,N,2015-Q3,2858692.7175047,A,F,,,,P3M,"Gross domestic product at market prices - Euro area 20 (fixed composition) as of 1 January 2023 - Domestic (home or reference area), Total economy, Euro, Chain linked volume (rebased), , Neither seasonally adjusted nor calendar adjusted",4D0,,,2,,,C,2015,,,,S,"Gross domestic product at market prices, volume",,6,
MNA.Q.N.I9.W2.S1.S1.B.B1GQ._Z._Z._Z.EUR.LR.N,Q,N,I9,W2,S1,S1,B,B1GQ,_Z,_Z,_Z,EUR,LR,N,2015-Q4,2946562.41633708,A,F,,,,P3M,"Gross domestic product at market prices - Euro area 20 (fixed composition) as of 1 January 2023 - Domestic (home or reference area), Total economy, Euro, Chain linked volume (rebased), , Neither seasonally adjusted nor calendar adjusted",4D0,,,2,,,C,2015,,,,S,"Gross domestic product at market prices, volume",,6,
MNA.Q.N.I9.W2.S1.S1.B.B1GQ._Z._Z._Z.EUR.LR.N,Q,N,I9,W2,S1,S1,B,B1GQ,_Z,_Z,_Z,EUR,LR,N,2016-Q1,2832397.02340984,A,F,,,,P3M,"Gross domestic product at market prices - Euro area 20 (fixed composition) as of 1 January 2023 - Domestic (home or reference area), Total economy, Euro, Chain linked volume (rebased), , Neither seasonally adjusted nor calendar adjusted",4D0,,,2,,,C,2015,,,,S,"Gross domestic product at market prices, volume",,6,
MNA.Q.N.I9.W2.S1.S1.B.B1GQ._Z._Z._Z.EUR.LR.N,Q,N,I9,W2,S1,S1,B,B1GQ,_Z,_Z,_Z,EUR,LR,N,2016-Q2,2917943.96509058,A,F,,,,P3M,"Gross domestic product at market prices - Euro area 20 (fixed composition) as of 1 January 2023 - Domestic (home or reference area), Total economy, Euro, Chain linked volume (rebased), , Neither seasonally adjusted nor calendar adjusted",4D0,,,2,,,C,2015,,,,S,"Gross domestic product at market prices, volume",,6,
MNA.Q.N.I9.W2.S1.S1.B.B1GQ._Z._Z._Z.EUR.LR.N,Q,N,I9,W2,S1,S1,B,B1GQ,_Z,_Z,_Z,EUR,LR,N,2016-Q3,2900583.55245948,A,F,,,,P3M,"Gross domestic product at market prices - Euro area 20 (fixed composition) as of 1 January 2023 - Domestic (home or reference area), Total economy, Euro, Chain linked volume (rebased), , Neither seasonally adjusted nor calendar adjusted",4D0,,,2,,,C,2015,,,,S,"Gross domestic product at market prices, volume",,6,
MNA.Q.N.I9.W2.S1.S1.B.B1GQ._Z._Z._Z.EUR.LR.N,Q,N,I9,W2,S1,S1,B,B1GQ,_Z,_Z,_Z,EUR,LR,N,2016-Q4,2994131.55602492,A,F,,,,P3M,"Gross domestic product at market prices - Euro area 20 (fixed composition) as of 1 January 2023 - Domestic (home or reference area), Total economy, Euro, Chain linked volume (rebased), , Neither seasonally adjusted nor calendar adjusted",4D0,,,2,,,C,2015,,,,S,"Gross domestic product at market prices, volume",,6,
MNA.Q.N.I9.W2.S1.S1.B.B1GQ._Z._Z._Z.EUR.LR.N,Q,N,I9,W2,S1,S1,B,B1GQ,_Z,_Z,_Z,EUR,LR,N,2017-Q1,2913976.96913168,A,F,,,,P3M,"Gross domestic product at market prices - Euro area 20 (fixed composition) as of 1 January 2023 - Domestic (home or reference area), Total economy, Euro, Chain linked volume (rebased), , Neither seasonally adjusted nor calendar adjusted",4D0,,,2,,,C,2015,,,,S,"Gross domestic product at market prices, volume",,6,
MNA.Q.N.I9.W2.S1.S1.B.B1GQ._Z._Z._Z.EUR.LR.N,Q,N,I9,W2,S1,S1,B,B1GQ,_Z,_Z,_Z,EUR,LR,N,2017-Q2,2977567.48432605,A,F,,,,P3M,"Gross domestic product at market prices - Euro area 20 (fixed composition) as of 1 January 2023 - Domestic (home or reference area), Total economy, Euro, Chain linked volume (rebased), , Neither seasonally adjusted nor calendar adjusted",4D0,,,2,,,C,2015,,,,S,"Gross domestic product at market prices, volume",,6,
MNA.Q.N.I9.W2.S1.S1.B.B1GQ._Z._Z._Z.EUR.LR.N,Q,N,I9,W2,S1,S1,B,B1GQ,_Z,_Z,_Z,EUR,LR,N,2017-Q3,2980002.80756396,A,F,,,,P3M,"Gross domestic product at market prices - Euro area 20 (fixed composition) as of 1 January 2023 - Domestic (home or reference area), Total economy, Euro, Chain linked volume (rebased), , Neither seasonally adjusted nor calendar adjusted",4D0,,,2,,,C,2015,,,,S,"Gross domestic product at market prices, volume",,6,
MNA.Q.N.I9.W2.S1.S1.B.B1GQ._Z._Z._Z.EUR.LR.N,Q,N,I9,W2,S1,S1,B,B1GQ,_Z,_Z,_Z,EUR,LR,N,2017-Q4,3078702.79330176,A,F,,,,P3M,"Gross domestic product at market prices - Euro area 20 (fixed composition) as of 1 January 2023 - Domestic (home or reference area), Total economy, Euro, Chain linked volume (rebased), , Neither seasonally adjusted nor calendar adjusted",4D0,,,2,,,C,2015,,,,S,"Gross domestic product at market prices, volume",,6,
MNA.Q.N.I9.W2.S1.S1.B.B1GQ._Z._Z._Z.EUR.LR.N,Q,N,I9,W2,S1,S1,B,B1GQ,_Z,_Z,_Z,EUR,LR,N,2018-Q1,2969556.16921707,A,F,,,,P3M,"Gross domestic product at market prices - Euro area 20 (fixed composition) as of 1 January 2023 - Domestic (home or reference area), Total economy, Euro, Chain linked volume (rebased), , Neither seasonally adjusted nor calendar adjusted",4D0,,,2,,,C,2015,,,,S,"Gross domestic product at market prices, volume",,6,
MNA.Q.N.I9.W2.S1.S1.B.B1GQ._Z._Z._Z.EUR.LR.N,Q,N,I9,W2,S1,S1,B,B1GQ,_Z,_Z,_Z,EUR,LR,N,2018-Q2,3043560.34322083,A,F,,,,P3M,"Gross domestic product at market prices - Euro area 20 (fixed composition) as of 1 January 2023 - Domestic (home or reference area), Total economy, Euro, Chain linked volume (rebased), , Neither seasonally adjusted nor calendar adjusted",4D0,,,2,,,C,2015,,,,S,"Gross domestic product at market prices, volume",,6,
MNA.Q.N.I9.W2.S1.S1.B.B1GQ._Z._Z._Z.EUR.LR.N,Q,N,I9,W2,S1,S1,B,B1GQ,_Z,_Z,_Z,EUR,LR,N,2018-Q3,3024521.18681089,A,F,,,,P3M,"Gross domestic product at market prices - Euro area 20 (fixed composition) as of 1 January 2023 - Domestic (home or reference area), Total economy, Euro, Chain linked volume (rebased), , Neither seasonally adjusted nor calendar adjusted",4D0,,,2,,,C,2015,,,,S,"Gross domestic product at market prices, volume",,6,
MNA.Q.N.I9.W2.S1.S1.B.B1GQ._Z._Z._Z.EUR.LR.N,Q,N,I9,W2,S1,S1,B,B1GQ,_Z,_Z,_Z,EUR,LR,N,2018-Q4,3125179.76009859,A,F,,,,P3M,"Gross domestic product at market prices - Euro area 20 (fixed composition) as of 1 January 2023 - Domestic (home or reference area), Total economy, Euro, Chain linked volume (rebased), , Neither seasonally adjusted nor calendar adjusted",4D0,,,2,,,C,2015,,,,S,"Gross domestic product at market prices, volume",,6,
MNA.Q.N.I9.W2.S1.S1.B.B1GQ._Z._Z._Z.EUR.LR.N,Q,N,I9,W2,S1,S1,B,B1GQ,_Z,_Z,_Z,EUR,LR,N,2019-Q1,3021692.54672644,A,F,,,,P3M,"Gross domestic product at market prices - Euro area 20 (fixed composition) as of 1 January 2023 - Domestic (home or reference area), Total economy, Euro, Chain linked volume (rebased), , Neither seasonally adjusted nor calendar adjusted",4D0,,,2,,,C,2015,,,,S,"Gross domestic product at market prices, volume",,6,
MNA.Q.N.I9.W2.S1.S1.B.B1GQ._Z._Z._Z.EUR.LR.N,Q,N,I9,W2,S1,S1,B,B1GQ,_Z,_Z,_Z,EUR,LR,N,2019-Q2,3088748.1179595,A,F,,,,P3M,"Gross domestic product at market prices - Euro area 20 (fixed composition) as of 1 January 2023 - Domestic (home or reference area), Total economy, Euro, Chain linked volume (rebased), , Neither seasonally adjusted nor calendar adjusted",4D0,,,2,,,C,2015,,,,S,"Gross domestic product at market prices, volume",,6,
MNA.Q.N.I9.W2.S1.S1.B.B1GQ._Z._Z._Z.EUR.LR.N,Q,N,I9,W2,S1,S1,B,B1GQ,_Z,_Z,_Z,EUR,LR,N,2019-Q3,3090460.59281851,A,F,,,,P3M,"Gross domestic product at market prices - Euro area 20 (fixed composition) as of 1 January 2023 - Domestic (home or reference area), Total economy, Euro, Chain linked volume (rebased), , Neither seasonally adjusted nor calendar adjusted",4D0,,,2,,,C,2015,,,,S,"Gross domestic product at market prices, volume",,6,
MNA.Q.N.I9.W2.S1.S1.B.B1GQ._Z._Z._Z.EUR.LR.N,Q,N,I9,W2,S1,S1,B,B1GQ,_Z,_Z,_Z,EUR,LR,N,2019-Q4,3159110.59955263,A,F,,,,P3M,"Gross domestic product at market prices - Euro area 20 (fixed composition) as of 1 January 2023 - Domestic (home or reference area), Total economy, Euro, Chain linked volume (rebased), , Neither seasonally adjusted nor calendar adjusted",4D0,,,2,,,C,2015,,,,S,"Gross domestic product at market prices, volume",,6,
MNA.Q.N.I9.W2.S1.S1.B.B1GQ._Z._Z._Z.EUR.LR.N,Q,N,I9,W2,S1,S1,B,B1GQ,_Z,_Z,_Z,EUR,LR,N,2020-Q1,2940791.52192374,A,F,,,,P3M,"Gross domestic product at market prices - Euro area 20 (fixed composition) as of 1 January 2023 - Domestic (home or reference area), Total economy, Euro, Chain linked volume (rebased), , Neither seasonally adjusted nor calendar adjusted",4D0,,,2,,,C,2015,,,,S,"Gross domestic product at market prices, volume",,6,
MNA.Q.N.I9.W2.S1.S1.B.B1GQ._Z._Z._Z.EUR.LR.N,Q,N,I9,W2,S1,S1,B,B1GQ,_Z,_Z,_Z,EUR,LR,N,2020-Q2,2655777.74779004,A,F,,,,P3M,"Gross domestic product at market prices - Euro area 20 (fixed composition) as of 1 January 2023 - Domestic (home or reference area), Total economy, Euro, Chain linked volume (rebased), , Neither seasonally adjusted nor calendar adjusted",4D0,,,2,,,C,2015,,,,S,"Gross domestic product at market prices, volume",,6,
MNA.Q.N.I9.W2.S1.S1.B.B1GQ._Z._Z._Z.EUR.LR.N,Q,N,I9,W2,S1,S1,B,B1GQ,_Z,_Z,_Z,EUR,LR,N,2020-Q3,2964032.92150479,A,F,,,,P3M,"Gross domestic product at market prices - Euro area 20 (fixed composition) as of 1 January 2023 - Domestic (home or reference area), Total economy, Euro, Chain linked volume (rebased), , Neither seasonally adjusted nor calendar adjusted",4D0,,,2,,,C,2015,,,,S,"Gross domestic product at market prices, volume",,6,
MNA.Q.N.I9.W2.S1.S1.B.B1GQ._Z._Z._Z.EUR.LR.N,Q,N,I9,W2,S1,S1,B,B1GQ,_Z,_Z,_Z,EUR,LR,N,2020-Q4,3054172.38000406,A,F,,,,P3M,"Gross domestic product at market prices - Euro area 20 (fixed composition) as of 1 January 2023 - Domestic (home or reference area), Total economy, Euro, Chain linked volume (rebased), , Neither seasonally adjusted nor calendar adjusted",4D0,,,2,,,C,2015,,,,S,"Gross domestic product at market prices, volume",,6,
MNA.Q.N.I9.W2.S1.S1.B.B1GQ._Z._Z._Z.EUR.LR.N,Q,N,I9,W2,S1,S1,B,B1GQ,_Z,_Z,_Z,EUR,LR,N,2021-Q1,2947373.49706443,A,F,,,,P3M,"Gross domestic product at market prices - Euro area 20 (fixed composition) as of 1 January 2023 - Domestic (home or reference area), Total economy, Euro, Chain linked volume (rebased), , Neither seasonally adjusted nor calendar adjusted",4D0,,,2,,,C,2015,,,,S,"Gross domestic product at market prices, volume",,6,
MNA.Q.N.I9.W2.S1.S1.B.B1GQ._Z._Z._Z.EUR.LR.N,Q,N,I9,W2,S1,S1,B,B1GQ,_Z,_Z,_Z,EUR,LR,N,2021-Q2,3068336.79433723,A,F,,,,P3M,"Gross domestic product at market prices - Euro area 20 (fixed composition) as of 1 January 2023 - Domestic (home or reference area), Total economy, Euro, Chain linked volume (rebased), , Neither seasonally adjusted nor calendar adjusted",4D0,,,2,,,C,2015,,,,S,"Gross domestic product at market prices, volume",,6,
MNA.Q.N.I9.W2.S1.S1.B.B1GQ._Z._Z._Z.EUR.LR.N,Q,N,I9,W2,S1,S1,B,B1GQ,_Z,_Z,_Z,EUR,LR,N,2021-Q3,3118022.11819782,A,F,,,,P3M,"Gross domestic product at market prices - Euro area 20 (fixed composition) as of 1 January 2023 - Domestic (home or reference area), Total economy, Euro, Chain linked volume (rebased), , Neither seasonally adjusted nor calendar adjusted",4D0,,,2,,,C,2015,,,,S,"Gross domestic product at market prices, volume",,6,
MNA.Q.N.I9.W2.S1.S1.B.B1GQ._Z._Z._Z.EUR.LR.N,Q,N,I9,W2,S1,S1,B,B1GQ,_Z,_Z,_Z,EUR,LR,N,2021-Q4,3226295.73708228,A,F,,,,P3M,"Gross domestic product at market prices - Euro area 20 (fixed composition) as of 1 January 2023 - Domestic (home or reference area), Total economy, Euro, Chain linked volume (rebased), , Neither seasonally adjusted nor calendar adjusted",4D0,,,2,,,C,2015,,,,S,"Gross domestic product at market prices, volume",,6,
MNA.Q.N.I9.W2.S1.S1.B.B1GQ._Z._Z._Z.EUR.LR.N,Q,N,I9,W2,S1,S1,B,B1GQ,_Z,_Z,_Z,EUR,LR,N,2022-Q1,3116801.58863006,A,F,,,,P3M,"Gross domestic product at market prices - Euro area 20 (fixed composition) as of 1 January 2023 - Domestic (home or reference area), Total economy, Euro, Chain linked volume (rebased), , Neither seasonally adjusted nor calendar adjusted",4D0,,,2,,,C,2015,,,,S,"Gross domestic product at market prices, volume",,6,
MNA.Q.N.I9.W2.S1.S1.B.B1GQ._Z._Z._Z.EUR.LR.N,Q,N,I9,W2,S1,S1,B,B1GQ,_Z,_Z,_Z,EUR,LR,N,2022-Q2,3202596.22849851,A,F,,,,P3M,"Gross domestic product at market prices - Euro area 20 (fixed composition) as of 1 January 2023 - Domestic (home or reference area), Total economy, Euro, Chain linked volume (rebased), , Neither seasonally adjusted nor calendar adjusted",4D0,,,2,,,C,2015,,,,S,"Gross domestic product at market prices, volume",,6,
MNA.Q.N.I9.W2.S1.S1.B.B1GQ._Z._Z._Z.EUR.LR.N,Q,N,I9,W2,S1,S1,B,B1GQ,_Z,_Z,_Z,EUR,LR,N,2022-Q3,3209258.11978718,A,F,,,,P3M,"Gross domestic product at market prices - Euro area 20 (fixed composition) as of 1 January 2023 - Domestic (home or reference area), Total economy, Euro, Chain linked volume (rebased), , Neither seasonally adjusted nor calendar adjusted",4D0,,,2,,,C,2015,,,,S,"Gross domestic product at market prices, volume",,6,
MNA.Q.N.I9.W2.S1.S1.B.B1GQ._Z._Z._Z.EUR.LR.N,Q,N,I9,W2,S1,S1,B,B1GQ,_Z,_Z,_Z,EUR,LR,N,2022-Q4,3284360.95582499,A,F,,,,P3M,"Gross domestic product at market prices - Euro area 20 (fixed composition) as of 1 January 2023 - Domestic (home or reference area), Total economy, Euro, Chain linked volume (rebased), , Neither seasonally adjusted nor calendar adjusted",4D0,,,2,,,C,2015,,,,S,"Gross domestic product at market prices, volume",,6,
MNA.Q.N.I9.W2.S1.S1.B.B1GQ._Z._Z._Z.EUR.LR.N,Q,N,I9,W2,S1,S1,B,B1GQ,_Z,_Z,_Z,EUR,LR,N,2023-Q1,3166291.59741162,A,F,,,,P3M,"Gross domestic product at market prices - Euro area 20 (fixed composition) as of 1 January 2023 - Domestic (home or reference area), Total economy, Euro, Chain linked volume (rebased), , Neither seasonally adjusted nor calendar adjusted",4D0,,,2,,,C,2015,,,,S,"Gross domestic product at market prices, volume",,6,
MNA.Q.N.I9.W2.S1.S1.B.B1GQ._Z._Z._Z.EUR.LR.N,Q,N,I9,W2,S1,S1,B,B1GQ,_Z,_Z,_Z,EUR,LR,N,2023-Q2,3209300.03842374,A,F,,,,P3M,"Gross domestic product at market prices - Euro area 20 (fixed composition) as of 1 January 2023 - Domestic (home or reference area), Total economy, Euro, Chain linked volume (rebased), , Neither seasonally adjusted nor calendar adjusted",4D0,,,2,,,C,2015,,,,S,"Gross domestic product at market prices, volume",,6,
MNA.Q.N.I9.W2.S1.S1.B.B1GQ._Z._Z._Z.EUR.LR.N,Q,N,I9,W2,S1,S1,B,B1GQ,_Z,_Z,_Z,EUR,LR,N,2023-Q3,3204498.04963859,A,F,,,,P3M,"Gross domestic product at market prices - Euro area 20 (fixed composition) as of 1 January 2023 - Domestic (home or reference area), Total economy, Euro, Chain linked volume (rebased), , Neither seasonally adjusted nor calendar adjusted",4D0,,,2,,,C,2015,,,,S,"Gross domestic product at market prices, volume",,6,
MNA.Q.N.I9.W2.S1.S1.B.B1GQ._Z._Z._Z.EUR.LR.N,Q,N,I9,W2,S1,S1,B,B1GQ,_Z,_Z,_Z,EUR,LR,N,2023-Q4,3288730.94393115,A,F,,,,P3M,"Gross domestic product at market prices - Euro area 20 (fixed composition) as of 1 January 2023 - Domestic (home or reference area), Total economy, Euro, Chain linked volume (rebased), , Neither seasonally adjusted nor calendar adjusted",4D0,,,2,,,C,2015,,,,S,"Gross domestic product at market prices, volume",,6,
MNA.Q.N.I9.W2.S1.S1.B.B1GQ._Z._Z._Z.EUR.LR.N,Q,N,I9,W2,S1,S1,B,B1GQ,_Z,_Z,_Z,EUR,LR,N,2024-Q1,3179732.98521725,A,F,,,,P3M,"Gross domestic product at market prices - Euro area 20 (fixed composition) as of 1 January 2023 - Domestic (home or reference area), Total economy, Euro, Chain linked volume (rebased), , Neither seasonally adjusted nor calendar adjusted",4D0,,,2,,,C,2015,,,,S,"Gross domestic product at market prices, volume",,6,
MNA.Q.N.I9.W2.S1.S1.B.B1GQ._Z._Z._Z.EUR.LR.N,Q,N,I9,W2,S1,S1,B,B1GQ,_Z,_Z,_Z,EUR,LR,N,2024-Q2,3237093.56255199,A,F,,,,P3M,"Gross domestic product at market prices - Euro area 20 (fixed composition) as of 1 January 2023 - Domestic (home or reference area), Total economy, Euro, Chain linked volume (rebased), , Neither seasonally adjusted nor calendar adjusted",4D0,,,2,,,C,2015,,,,S,"Gross domestic product at market prices, volume",,6,
MNA.Q.N.I9.W2.S1.S1.B.B1GQ._Z._Z._Z.EUR.LR.N,Q,N,I9,W2,S1,S1,B,B1GQ,_Z,_Z,_Z,EUR,LR,N,2024-Q3,3248148.81478313,A,F,,,,P3M,"Gross domestic product at market prices - Euro area 20 (fixed composition) as of 1 January 2023 - Domestic (home or reference area), Total economy, Euro, Chain linked volume (rebased), , Neither seasonally adjusted nor calendar adjusted",4D0,,,2,,,C,2015,,,,S,"Gross domestic product at market prices, volume",,6,
MNA.Q.N.I9.W2.S1.S1.B.B1GQ._Z._Z._Z.EUR.LR.N,Q,N,I9,W2,S1,S1,B,B1GQ,_Z,_Z,_Z,EUR,LR,N,2024-Q4,3334139.44009075,A,F,,,,P3M,"Gross domestic product at market prices - Euro area 20 (fixed composition) as of 1 January 2023 - Domestic (home or reference area), Total economy, Euro, Chain linked volume (rebased), , Neither seasonally adjusted nor calendar adjusted",4D0,,,2,,,C,2015,,,,S,"Gross domestic product at market prices, volume",,6,
MNA.Q.N.I9.W2.S1.S1.B.B1GQ._Z._Z._Z.EUR.LR.N,Q,N,I9,W2,S1,S1,B,B1GQ,_Z,_Z,_Z,EUR,LR,N,2025-Q1,3222796.10094181,A,F,,,,P3M,"Gross domestic product at market prices - Euro area 20 (fixed composition) as of 1 January 2023 - Domestic (home or reference area), Total economy, Euro, Chain linked volume (rebased), , Neither seasonally adjusted nor calendar adjusted",4D0,,,2,,,C,2015,,,,S,"Gross domestic product at market prices, volume",,6,
MNA.Q.N.I9.W2.S1.S1.B.B1GQ._Z._Z._Z.EUR.LR.N,Q,N,I9,W2,S1,S1,B,B1GQ,_Z,_Z,_Z,EUR,LR,N,2025-Q2,3274750.5947108,A,F,,,,P3M,"Gross domestic product at market prices - Euro area 20 (fixed composition) as of 1 January 2023 - Domestic (home or reference area), Total economy, Euro, Chain linked volume (rebased), , Neither seasonally adjusted nor calendar adjusted",4D0,,,2,,,C,2015,,,,S,"Gross domestic product at market prices, volume",,6,
MNA.Q.N.I9.W2.S1.S1.B.B1GQ._Z._Z._Z.EUR.LR.N,Q,N,I9,W2,S1,S1,B,B1GQ,_Z,_Z,_Z,EUR,LR,N,2025-Q3,3284540.15868321,A,F,,,,P3M,"Gross domestic product at market prices - Euro area 20 (fixed composition) as of 1 January 2023 - Domestic (home or reference area), Total economy, Euro, Chain linked volume (rebased), , Neither seasonally adjusted nor calendar adjusted",4D0,,,2,,,C,2015,,,,S,"Gross domestic product at market prices, volume",,6,
MNA.Q.N.I9.W2.S1.S1.B.B1GQ._Z._Z._Z.EUR.LR.N,Q,N,I9,W2,S1,S1,B,B1GQ,_Z,_Z,_Z,EUR,LR,N,2025-Q4,3375664.29919704,A,F,,,,P3M,"Gross domestic product at market prices - Euro area 20 (fixed composition) as of 1 January 2023 - Domestic (home or reference area), Total economy, Euro, Chain linked volume (rebased), , Neither seasonally adjusted nor calendar adjusted",4D0,,,2,,,C,2015,,,,S,"Gross domestic product at market prices, volume",,6,
MNA.Q.N.I9.W2.S1.S1.B.B1GQ._Z._Z._Z.EUR.LR.N,Q,N,I9,W2,S1,S1,B,B1GQ,_Z,_Z,_Z,EUR,LR,N,2026-Q1,3239701.27786419,A,F,,,,P3M,"Gross domestic product at market prices - Euro area 20 (fixed composition) as of 1 January 2023 - Domestic (home or reference area), Total economy, Euro, Chain linked volume (rebased), , Neither seasonally adjusted nor calendar adjusted",4D0,,,2,,,C,2015,,,,S,"Gross domestic product at market prices, volume",,6,
